station_name,demand_count,supply_count,net_demand,supply_demand_ratio,gap_type
W 43 St & 10 Ave,12414,4456,7958,2.79,严重缺口
8 Ave & W 31 St,18478,11187,7291,1.65,严重缺口
W 44 St & 11 Ave,14186,7251,6935,1.96,严重缺口
1 Ave & E 78 St,12833,6488,6345,1.98,严重缺口
Riverside Blvd & W 67 St,8773,2639,6134,3.32,严重缺口
E 10 St & Avenue A,9788,4037,5751,2.42,严重缺口
1 Ave & E 18 St,11946,6213,5733,1.92,严重缺口
Suffolk St & Stanton St,8976,3313,5663,2.71,严重缺口
11 Ave & W 41 St,11649,5997,5652,1.94,严重缺口
Christopher St & Greenwich St,11705,6090,5615,1.92,严重缺口
E 20 St & FDR Dr,9006,3448,5558,2.61,严重缺口
E 2 St & Avenue B,9338,3821,5517,2.44,严重缺口
9 Ave & W 22 St,12252,6775,5477,1.81,严重缺口
Henry St & Grand St,10091,4653,5438,2.17,严重缺口
E 2 St & Avenue C,8870,3504,5366,2.53,严重缺口
FDR Drive & E 35 St,9573,4708,4865,2.03,严重缺口
E 88 St & 1 Ave,6733,2089,4644,3.22,严重缺口
E 11 St & Avenue B,7119,2480,4639,2.87,严重缺口
West End Ave & W 60 St,11646,7027,4619,1.66,严重缺口
1 Ave & E 6 St,8102,3500,4602,2.31,严重缺口
E 7 St & Ave B,6987,2390,4597,2.92,严重缺口
E 91 St & 2 Ave,7484,2958,4526,2.53,严重缺口
E 14 St & Avenue B,7868,3491,4377,2.25,严重缺口
W 64 St & Thelonious Monk Circle,8243,3889,4354,2.12,严重缺口
W 50 St & 10 Ave,7860,3518,4342,2.23,严重缺口
Grand St & Samuel Dickstein Plaza,6499,2203,4296,2.95,严重缺口
E 7 St & Ave C,6269,2051,4218,3.06,严重缺口
E 81 St & York Ave,5860,1687,4173,3.47,严重缺口
E 6 St & Avenue B,7878,3734,4144,2.11,严重缺口
W 54 St & 11 Ave,13902,10075,3827,1.38,严重缺口
W 47 St & 10 Ave,7209,3400,3809,2.12,严重缺口
E 5 St & Avenue C,6167,2361,3806,2.61,严重缺口
12 Ave & W 40 St,11431,7642,3789,1.5,严重缺口
E 6 St & Avenue D,6365,2588,3777,2.46,严重缺口
Perry St & Bleecker St,6058,2328,3730,2.6,严重缺口
Rivington St & Ridge St,6192,2475,3717,2.5,严重缺口
1 Ave & E 16 St,11015,7392,3623,1.49,严重缺口
W 59 St & 10 Ave,9940,6326,3614,1.57,严重缺口
Clinton St & Grand St,9583,5989,3594,1.6,严重缺口
Central Park W & W 91 St,8412,4913,3499,1.71,严重缺口
Amsterdam Ave & W 79 St,8157,4660,3497,1.75,严重缺口
E 84 St & 1 Ave,6635,3181,3454,2.09,严重缺口
Riverside Dr & W 82 St,5511,2101,3410,2.62,严重缺口
Greenwich St & Perry St,6263,2902,3361,2.16,严重缺口
E 5 St & Ave A,5419,2084,3335,2.6,严重缺口
Ave D & E 8 St,4247,976,3271,4.35,严重缺口
E 11 St & 1 Ave,7093,3922,3171,1.81,严重缺口
Columbus Ave & W 72 St,9696,6548,3148,1.48,严重缺口
Riverside Dr & W 72 St,6012,2866,3146,2.1,严重缺口
W 76 St & Columbus Ave,5418,2316,3102,2.34,严重缺口
E 9 St & Avenue C,6678,3626,3052,1.84,严重缺口
Cherry St,4069,1060,3009,3.84,严重缺口
W 87 St & West End Ave,4965,1966,2999,2.53,严重缺口
W 106 St & Central Park West,5340,2356,2984,2.27,严重缺口
E 89 St & York Ave,5471,2497,2974,2.19,严重缺口
E 7 St & Avenue A,6791,3854,2937,1.76,严重缺口
Avenue C & E 18 St,4091,1187,2904,3.45,严重缺口
West End Ave & W 78 St,4404,1506,2898,2.92,严重缺口
W 100 St & Broadway,4862,1972,2890,2.47,严重缺口
W 22 St & 8 Ave,9381,6528,2853,1.44,严重缺口
E 13 St & 2 Ave,8553,5714,2839,1.5,严重缺口
Nassau Ave & Russell St,4544,1727,2817,2.63,严重缺口
W 20 St & 8 Ave,7489,4697,2792,1.59,严重缺口
Avenue D & E 3 St,5526,2758,2768,2.0,严重缺口
Bank St & Washington St,5684,2926,2758,1.94,严重缺口
Driggs Ave & N Henry St,4061,1336,2725,3.04,严重缺口
W 53 St & 10 Ave,7496,4803,2693,1.56,严重缺口
St Marks Pl & 1 Ave,4823,2133,2690,2.26,严重缺口
West Thames St,7238,4566,2672,1.59,严重缺口
W 84 St & Broadway,4547,1882,2665,2.42,严重缺口
Riverside Dr & W 91 St,4104,1447,2657,2.84,严重缺口
Franklin St & Dupont St,6298,3664,2634,1.72,严重缺口
Clinton Ave & Myrtle Ave,5851,3237,2614,1.81,严重缺口
Bedford Ave & Bergen St,4109,1527,2582,2.69,严重缺口
Frederick Douglass Blvd & W 112 St,5287,2714,2573,1.95,严重缺口
W 10 St & Washington St,4651,2084,2567,2.23,严重缺口
Kane St & Clinton St,3706,1145,2561,3.24,严重缺口
Market St & Henry St,4490,1932,2558,2.32,严重缺口
Adelphi St & Myrtle Ave,4699,2168,2531,2.17,严重缺口
Riverside Dr & W 104 St,4030,1517,2513,2.66,严重缺口
Bialystoker Pl & Delancey St,4220,1722,2498,2.45,严重缺口
E 85 St & York Ave,4118,1634,2484,2.52,严重缺口
E 20 St & 2 Ave,9208,6740,2468,1.37,严重缺口
Columbia St & Rivington St,4736,2291,2445,2.07,严重缺口
E 13 St & Avenue A,5886,3459,2427,1.7,严重缺口
Central Park W & W 97 St,5150,2724,2426,1.89,严重缺口
E 12 St & Ave C,4182,1756,2426,2.38,严重缺口
Amsterdam Ave & W 73 St,7923,5523,2400,1.43,严重缺口
W 87 St & Amsterdam Ave,4253,1908,2345,2.23,严重缺口
46 Ave & 5 St,5132,2793,2339,1.84,严重缺口
E 4 St & Ave B,3715,1378,2337,2.7,严重缺口
Central Park West & W 85 St,5613,3282,2331,1.71,严重缺口
Lewis Ave & Madison St,3281,972,2309,3.38,严重缺口
Clinton St & Cherry St,4792,2486,2306,1.93,严重缺口
Central Park W & W 103 St,4067,1780,2287,2.28,严重缺口
Bank St & Hudson St,4594,2320,2274,1.98,严重缺口
Clinton St & Union St,3673,1403,2270,2.62,严重缺口
Kingsland Ave & Nassau Ave,4884,2622,2262,1.86,严重缺口
W 26 St & 8 Ave,10099,7847,2252,1.29,严重缺口
W 4 St & 7 Ave S,7303,5060,2243,1.44,严重缺口
W 11 St & 6 Ave,6671,4446,2225,1.5,严重缺口
Willoughby Ave & Hall St,4674,2465,2209,1.9,严重缺口
W 70 St & Amsterdam Ave,6670,4473,2197,1.49,严重缺口
W 22 St & 10 Ave,11486,9290,2196,1.24,严重缺口
India St Pier,3519,1340,2179,2.63,严重缺口
W 42 St & Dyer Ave,3845,1669,2176,2.3,严重缺口
W 100 St & Manhattan Ave,4479,2313,2166,1.94,严重缺口
Amsterdam Ave & W 82 St,4065,1911,2154,2.13,严重缺口
E 31 St & 3 Ave,6339,4213,2126,1.5,严重缺口
W 15 St & 7 Ave,7735,5613,2122,1.38,严重缺口
E 2 St & Avenue A,6099,4001,2098,1.52,严重缺口
Allen St & Hester St,6817,4723,2094,1.44,严重缺口
Central Park West & W 72 St,5717,3645,2072,1.57,严重缺口
11 Ave & W 59 St,6799,4735,2064,1.44,严重缺口
Riverside Dr & W 78 St,3053,989,2064,3.09,严重缺口
E 82 St & East End Ave,4590,2536,2054,1.81,严重缺口
Franklin Ave & St Marks Ave,3077,1035,2042,2.97,严重缺口
Stagg St & Union Ave,3462,1435,2027,2.41,严重缺口
Frederick Douglass Blvd & W 117 St,4829,2811,2018,1.72,严重缺口
W 74 St & Columbus Ave,3676,1658,2018,2.22,严重缺口
8 Ave & W 33 St,12661,10647,2014,1.19,严重缺口
W 82 St & Central Park West,4055,2064,1991,1.96,严重缺口
S 3 St & Bedford Ave,5122,3134,1988,1.63,严重缺口
Sterling Pl & Bedford Ave,3100,1122,1978,2.76,严重缺口
E 3 St & 1 Ave,4829,2853,1976,1.69,严重缺口
W 89 St & Columbus Ave,6288,4317,1971,1.46,严重缺口
Perry St & Greenwich Ave,4939,2973,1966,1.66,严重缺口
W 12 St & Hudson St,4991,3029,1962,1.65,严重缺口
1 Ave & E 39 St,8690,6754,1936,1.29,严重缺口
E 12 St & 3 Ave,4274,2340,1934,1.83,严重缺口
St Marks Pl & 2 Ave,5568,3637,1931,1.53,严重缺口
Broadway & Berry St,5217,3287,1930,1.59,严重缺口
Madison St & Montgomery St,3819,1890,1929,2.02,严重缺口
Frederick Douglass Blvd & W 115 St,3580,1652,1928,2.17,严重缺口
W 106 St & Amsterdam Ave,3053,1137,1916,2.69,严重缺口
Classon Ave & St Marks Ave,3253,1349,1904,2.41,严重缺口
Barrow St & Hudson St,7310,5422,1888,1.35,严重缺口
W 95 St & Broadway,4653,2781,1872,1.67,严重缺口
Monroe St & Tompkins Ave,3194,1342,1852,2.38,严重缺口
E 93 St & 2 Ave,4243,2392,1851,1.77,严重缺口
Grand Ave & Bergen St,3435,1587,1848,2.16,严重缺口
Carroll St & Columbia St,3039,1207,1832,2.52,严重缺口
West End Ave & W 107 St,3195,1380,1815,2.32,严重缺口
Stanton St & Norfolk St,4638,2844,1794,1.63,严重缺口
7 Ave S & Bleecker St,5409,3620,1789,1.49,严重缺口
Market St & Cherry St,2777,1010,1767,2.75,严重缺口
Greene Ave & Throop Ave,2658,896,1762,2.97,严重缺口
E 75 St & 3 Ave,3897,2140,1757,1.82,严重缺口
E 14 St & 1 Ave,5285,3543,1742,1.49,严重缺口
Allen St & Stanton St,6296,4556,1740,1.38,严重缺口
E 4 St & 2 Ave,5682,3956,1726,1.44,严重缺口
E 80 St & 2 Ave,3238,1520,1718,2.13,严重缺口
McGuinness Blvd & Eagle St,3942,2233,1709,1.77,严重缺口
E 89 St & 3 Ave,3647,1940,1707,1.88,严重缺口
W 37 St & 10 Ave,7029,5349,1680,1.31,严重缺口
W 54 St & 9 Ave,4747,3089,1658,1.54,严重缺口
West End Ave & W 94 St,2865,1212,1653,2.36,严重缺口
W 84 St & Columbus Ave,5556,3906,1650,1.42,严重缺口
Central Park North & Adam Clayton Powell Blvd,5618,3969,1649,1.42,严重缺口
E 26 St & 3 Ave,4075,2452,1623,1.66,严重缺口
Pike St & Monroe St,2795,1173,1622,2.38,严重缺口
W 56 St & 10 Ave,5330,3715,1615,1.43,严重缺口
1 Ave & E 94 St,3881,2273,1608,1.71,严重缺口
5 Ave & 3 St,4083,2479,1604,1.65,严重缺口
W 90 St & Amsterdam Ave,3270,1666,1604,1.96,严重缺口
Hicks St & Montague St,3825,2231,1594,1.71,严重缺口
Greenwich Ave & Charles St,4195,2615,1580,1.6,严重缺口
E 10 St & 2 Ave,4823,3250,1573,1.48,严重缺口
W 67 St & Broadway,5749,4180,1569,1.38,严重缺口
W 107 St & Columbus Ave,3062,1493,1569,2.05,严重缺口
E 22 St & 2 Ave,6353,4798,1555,1.32,严重缺口
W 50 St & 9 Ave,3606,2068,1538,1.74,严重缺口
9 Ave & W 45 St,6255,4750,1505,1.32,严重缺口
W 104 St & Amsterdam Ave,3134,1634,1500,1.92,严重缺口
Ave A & E 11 St,5411,3912,1499,1.38,严重缺口
W 92 St & Broadway,3623,2138,1485,1.69,严重缺口
Clermont Ave & Lafayette Ave,2945,1461,1484,2.02,严重缺口
Allen St & Rivington St,5896,4423,1473,1.33,严重缺口
Washington St & Barrow St,3641,2172,1469,1.68,严重缺口
Kosciuszko St & Tompkins Ave,2594,1131,1463,2.29,严重缺口
Fulton St & Waverly Ave,3943,2481,1462,1.59,严重缺口
E 58 St & 1 Ave (NW Corner),3855,2395,1460,1.61,严重缺口
Washington Park,2664,1214,1450,2.19,严重缺口
Henry St & Degraw St,3314,1868,1446,1.77,严重缺口
Huron St & Franklin St,4087,2646,1441,1.54,严重缺口
E 78 St & 2 Ave,2851,1413,1438,2.02,严重缺口
East End Ave & E 86 St,2706,1285,1421,2.11,严重缺口
Washington Pl & 6 Ave,5172,3754,1418,1.38,严重缺口
S 4 St & Rodney St,3322,1914,1408,1.74,严重缺口
6 Ave & 21 St,2378,970,1408,2.45,严重缺口
E 11 St & 3 Ave,5343,3946,1397,1.35,严重缺口
Richardson St & N Henry St,2260,867,1393,2.61,严重缺口
Congress St & Hicks St,2158,771,1387,2.8,严重缺口
E 6 St & 2 Ave,3258,1871,1387,1.74,严重缺口
2 Ave & E 72 St,9524,8142,1382,1.17,严重缺口
W 20 St & 7 Ave,9021,7647,1374,1.18,严重缺口
Engert Ave & McGuinness Blvd,1968,597,1371,3.3,严重缺口
1 Ave & E 110 St,3451,2081,1370,1.66,严重缺口
Lewis Ave & Kosciuszko St,2243,875,1368,2.56,严重缺口
Clark St & Henry St,4193,2826,1367,1.48,严重缺口
Catherine St & Monroe St,3535,2171,1364,1.63,严重缺口
W 15 St & 6 Ave,10300,8937,1363,1.15,严重缺口
Lexington Ave & Classon Ave,2479,1124,1355,2.21,严重缺口
8 Ave & W 24 St,3427,2089,1338,1.64,严重缺口
Cambridge Pl & Gates Ave,2534,1196,1338,2.12,严重缺口
E 118 St & Madison Ave,2590,1252,1338,2.07,严重缺口
Emerson Pl & Myrtle Ave,4082,2772,1310,1.47,严重缺口
Putnam Ave & Throop Ave,2829,1520,1309,1.86,严重缺口
W 30 St & 8 Ave,4797,3494,1303,1.37,严重缺口
Willoughby Ave & Tompkins Ave,2324,1025,1299,2.27,严重缺口
1 St & 6 Ave,2780,1488,1292,1.87,严重缺口
W 45 St & 8 Ave,4191,2899,1292,1.45,严重缺口
E 84 St & Park Ave,3815,2538,1277,1.5,严重缺口
Motorgate,2311,1050,1261,2.2,严重缺口
Carroll St & 6 Ave,3243,1992,1251,1.63,严重缺口
Pulaski St & Marcus Garvey Blvd,1785,547,1238,3.26,严重缺口
Congress St & Clinton St,3543,2306,1237,1.54,严重缺口
Dean St & Franklin Ave,2775,1553,1222,1.79,严重缺口
W 13 St & 7 Ave,6803,5590,1213,1.22,严重缺口
Carroll St & Smith St,4346,3136,1210,1.39,严重缺口
E 54 St & 1 Ave,4657,3464,1193,1.34,严重缺口
Leonard St & Maujer St,2703,1517,1186,1.78,严重缺口
1 Pl & Clinton St,2714,1545,1169,1.76,严重缺口
Henry St & Atlantic Ave,3240,2076,1164,1.56,严重缺口
Fulton St & Clermont Ave,2299,1143,1156,2.01,严重缺口
31 Ave & Crescent St,2229,1074,1155,2.08,严重缺口
Canal St & Rutgers St,7200,6059,1141,1.19,严重缺口
Nassau Ave & Newell St,2000,863,1137,2.32,严重缺口
Ave A & E 14 St,7826,6700,1126,1.17,严重缺口
W 49 St & 8 Ave,6968,5843,1125,1.19,严重缺口
St Johns Pl & Washington Ave,2292,1169,1123,1.96,严重缺口
E 85 St & 3 Ave,7755,6638,1117,1.17,严重缺口
E 19 St & 3 Ave,5810,4709,1101,1.23,严重缺口
2 Ave & E 104 St,3113,2012,1101,1.55,严重缺口
Columbus Ave & W 95 St,4487,3393,1094,1.32,严重缺口
Newtown Ave & 23 St,2132,1046,1086,2.04,严重缺口
Park Pl & Franklin Ave,1809,725,1084,2.5,严重缺口
Carlton Ave & Dean St,2927,1844,1083,1.59,严重缺口
Adam Clayton Powell Blvd & W 138 St,2310,1229,1081,1.88,严重缺口
Prospect Pl & Underhill Ave,2392,1312,1080,1.82,严重缺口
Bedford Ave & S 9 St,1609,533,1076,3.02,严重缺口
Crescent St & Broadway,2570,1498,1072,1.72,严重缺口
Monroe St & Classon Ave,2001,939,1062,2.13,严重缺口
S 5 Pl & S 5 St,5300,4238,1062,1.25,严重缺口
Union St & Bedford Ave,2058,1009,1049,2.04,严重缺口
Central Park West & W 76 St,3473,2444,1029,1.42,严重缺口
Sterling St & Bedford Ave,1571,549,1022,2.86,严重缺口
South St & Pike St,2517,1496,1021,1.68,严重缺口
Norfolk St & Broome St,7647,6636,1011,1.15,严重缺口
6 Ave & 12 St,2087,1077,1010,1.94,严重缺口
31 Ave & 34 St,1867,863,1004,2.16,严重缺口
E Houston St & Columbia St,4136,3133,1003,1.32,严重缺口
3 Ave & E 100 St,1522,528,994,2.88,严重缺口
Mt Morris Park W & W 120 St,2079,1092,987,1.9,严重缺口
W 111 St & 5 Ave,3010,2024,986,1.49,严重缺口
Washington Ave & Greene Ave,2036,1058,978,1.92,严重缺口
Avenue D & E 12 St,1636,659,977,2.48,严重缺口
Crescent St & 35 Ave,1481,510,971,2.9,严重缺口
DeKalb Ave & Vanderbilt Ave,2866,1902,964,1.51,严重缺口
Underhill Ave & Lincoln Pl,2324,1362,962,1.71,严重缺口
Scholes St & Manhattan Ave,3171,2217,954,1.43,严重缺口
3 Ave & E 72 St,2242,1288,954,1.74,严重缺口
Monroe St & Bedford Ave,2789,1836,953,1.52,严重缺口
E 102 St & 1 Ave,3354,2410,944,1.39,严重缺口
E 51 St & 1 Ave,4099,3158,941,1.3,严重缺口
8 Ave & W 27 St,5154,4214,940,1.22,严重缺口
6 Ave & W 33 St,13055,12118,937,1.08,严重缺口
Willoughby Ave & Myrtle Ave,1345,419,926,3.21,严重缺口
27 Ave & 9 St,1319,400,919,3.3,严重缺口
Astoria Park S & Shore Blvd,1734,824,910,2.1,严重缺口
28 Ave & 44 St,1200,290,910,4.14,严重缺口
Flatbush Ave & Ocean Ave,2435,1528,907,1.59,严重缺口
DeKalb Ave & Franklin Ave,2609,1702,907,1.53,严重缺口
Bushwick Ave & Linden St,1190,294,896,4.05,严重缺口
Carroll St & 5 Ave,2270,1376,894,1.65,严重缺口
Plaza St East & Flatbush Ave,3104,2216,888,1.4,严重缺口
Lafayette Ave & St James Pl,3404,2520,884,1.35,严重缺口
Garfield Pl & 8 Ave,2611,1727,884,1.51,严重缺口
Henry St & Remsen St,1937,1055,882,1.84,严重缺口
8 Ave & W 52 St,5855,4974,881,1.18,严重缺口
McKibbin St & Manhattan Ave,1523,642,881,2.37,严重缺口
Suydam St & Broadway,1486,607,879,2.45,严重缺口
Underhill Ave & Pacific St,1751,874,877,2.0,严重缺口
Broadway & Madison St,1345,469,876,2.87,严重缺口
21 Ave & Crescent St,1433,569,864,2.52,严重缺口
14 St & 5 Ave,2487,1627,860,1.53,严重缺口
E 118 St & 1 Ave,2697,1842,855,1.46,严重缺口
Marcy Ave & Lafayette Ave,1832,980,852,1.87,严重缺口
Grand St & Havemeyer St,3509,2658,851,1.32,严重缺口
Columbus Ave & W 103 St,1666,815,851,2.04,严重缺口
Central Ave & Starr Street,1474,631,843,2.34,严重缺口
Adam Clayton Powell Blvd & W 141 St,1414,571,843,2.48,严重缺口
11 Ave & Prospect Ave,1550,717,833,2.16,严重缺口
Prospect Park SW & 10 Ave,1574,751,823,2.1,严重缺口
Degraw St & Hoyt St,1898,1077,821,1.76,严重缺口
W 46 St & 11 Ave,4707,3888,819,1.21,严重缺口
E 9 St & 5 Ave,5934,5118,816,1.16,严重缺口
W 31 St & 7 Ave,13245,12431,814,1.07,严重缺口
5 Ave & W 131 St,1596,783,813,2.04,严重缺口
Central Ave & Weirfield St,1049,243,806,4.32,严重缺口
Columbia St & Kane St,1518,716,802,2.12,严重缺口
Bushwick Ave & Forrest St,1181,380,801,3.11,严重缺口
E 81 St & 3 Ave,2892,2092,800,1.38,严重缺口
Avenue D & E 10 St,1984,1185,799,1.67,严重缺口
S 4 St & Wythe Ave,7289,6491,798,1.12,严重缺口
Rutgers St & Henry St,3025,2228,797,1.36,严重缺口
E 106 St & 2 Ave,1930,1133,797,1.7,严重缺口
14 St & 7 Ave,1916,1119,797,1.71,严重缺口
Stockholm St & Wilson Ave,1258,464,794,2.71,严重缺口
Columbia St & Degraw St,1979,1187,792,1.67,严重缺口
Carmine St & 6 Ave,5655,4866,789,1.16,严重缺口
18 St & 27 Ave,1506,720,786,2.09,严重缺口
Wilson Ave & Troutman St,1307,532,775,2.46,严重缺口
Marcus Garvey Blvd & Macon St,1508,736,772,2.05,严重缺口
Cumberland St & Lafayette Ave,2337,1566,771,1.49,严重缺口
7 Ave & 41 St,1163,393,770,2.96,严重缺口
Parade Pl & Crooke Ave,2273,1504,769,1.51,严重缺口
W 42 St & 8 Ave,4529,3761,768,1.2,严重缺口
E 63 St & 3 Ave,3937,3172,765,1.24,严重缺口
2 Ave & E 29 St,10113,9352,761,1.08,严重缺口
Kingston Ave & Herkimer St,2055,1297,758,1.58,严重缺口
W 20 St & 10 Ave,9645,8888,757,1.09,严重缺口
Evergreen Ave & Noll St,1304,549,755,2.38,严重缺口
Putnam Ave & Nostrand Ave,1205,450,755,2.68,严重缺口
E 60 St & York Ave,3038,2284,754,1.33,严重缺口
Throop Ave & Myrtle Ave,1790,1038,752,1.72,严重缺口
Greene Ave & Grandview Ave,1044,294,750,3.55,严重缺口
Carroll St & Bond St,2068,1319,749,1.57,严重缺口
5 Av & W 139 St,1465,716,749,2.05,严重缺口
W 47 St & 9 Ave,1213,469,744,2.59,严重缺口
E 58 St & 1 Ave (NE Corner),1821,1079,742,1.69,严重缺口
Center Blvd & 48 Ave,1281,545,736,2.35,严重缺口
Driggs Ave & Lorimer St,2327,1601,726,1.45,严重缺口
Broadway & W 61 St,4918,4201,717,1.17,严重缺口
Graham Ave & Herbert St,1228,518,710,2.37,严重缺口
W 110 St & Amsterdam Ave,3294,2584,710,1.27,严重缺口
46 St & 28 Ave,915,208,707,4.4,严重缺口
Bergen St & Vanderbilt Ave,4255,3551,704,1.2,严重缺口
3 St & Prospect Park West,3402,2700,702,1.26,严重缺口
Lenox Ave & W 130 St,1562,863,699,1.81,严重缺口
E 132 St & Madison Ave,1199,500,699,2.4,严重缺口
Grove St & Broadway,1750,1051,699,1.67,严重缺口
25 Ave & 41 St,1168,472,696,2.47,严重缺口
21 Ave & Shore Blvd,830,134,696,6.19,严重缺口
E 81 St & Park Ave,2611,1916,695,1.36,严重缺口
Prospect Park SW & Vanderbilt St,1284,589,695,2.18,严重缺口
W 52 St & 11 Ave,2582,1888,694,1.37,严重缺口
W 24 St & 7 Ave,5796,5106,690,1.14,严重缺口
Central Park West & W 68 St,5060,4374,686,1.16,严重缺口
Greenpoint Ave & Manhattan Ave,3159,2474,685,1.28,严重缺口
34 Ave & 21 St,1251,569,682,2.2,严重缺口
Woodward Ave & Harman St,1033,354,679,2.92,严重缺口
Adam Clayton Powell Blvd & W 130 St,1414,736,678,1.92,严重缺口
Madison St & Forest Ave,1017,341,676,2.98,严重缺口
36 Ave & 10 St,1461,786,675,1.86,严重缺口
Lenox Ave & W 115 St,1868,1196,672,1.56,严重缺口
30 Ave & 47 St,884,219,665,4.04,严重缺口
Jefferson Ave & Evergreen Ave,871,209,662,4.17,严重缺口
Edgecombe Ave & W 141 St,1831,1174,657,1.56,严重缺口
Sterling Pl & 5 Ave,1619,964,655,1.68,严重缺口
Hope St & Union Ave,3239,2584,655,1.25,严重缺口
28 Ave & 35 St,1204,550,654,2.19,严重缺口
Rogers Ave & Sterling St,1825,1173,652,1.56,严重缺口
Madison St & Evergreen Ave,889,240,649,3.7,严重缺口
Butler St & Court St,2021,1375,646,1.47,严重缺口
E 95 St & 3 Ave,2065,1423,642,1.45,严重缺口
Lenox Ave & W 140 St,1367,726,641,1.88,严重缺口
Ditmars Blvd & 43 St,1040,401,639,2.59,严重缺口
Pike St & E Broadway,3478,2840,638,1.22,严重缺口
Central Ave & Woodbine St,1384,750,634,1.85,严重缺口
50 St & 30 Ave,826,192,634,4.3,严重缺口
India St & Manhattan Ave,3742,3110,632,1.2,严重缺口
Steinway St & 28 Ave,1465,834,631,1.76,严重缺口
Menahan St & Onderdonk Ave,838,212,626,3.95,严重缺口
Greene Ave & Nostrand Ave,2022,1396,626,1.45,严重缺口
Degraw St & Smith St,1931,1308,623,1.48,严重缺口
Berkeley Pl & 6 Ave,1848,1226,622,1.51,严重缺口
Stuyvesant Walk & 1 Av Loop,948,331,617,2.86,严重缺口
17 St & 5 Ave,1687,1075,612,1.57,严重缺口
Lexington Ave & E 29 St,5576,4964,612,1.12,严重缺口
Crescent St & 34 Ave,1801,1191,610,1.51,严重缺口
Bedford Ave & Montgomery St,1167,557,610,2.1,严重缺口
Fulton St & Irving Pl,2109,1500,609,1.41,严重缺口
President St & Henry St,1396,791,605,1.76,严重缺口
Riverside Dr & W 138 St,1326,721,605,1.84,严重缺口
Prospect Park SW & 16 St,1425,822,603,1.73,严重缺口
Forest Ave & Summerfield St,950,353,597,2.69,严重缺口
E 91 St & Park Ave,2632,2035,597,1.29,严重缺口
35 St & 30 Ave,1247,650,597,1.92,严重缺口
Lenox Ave & W 111 St,4195,3600,595,1.17,严重缺口
31 Ave & 30 St,1530,937,593,1.63,严重缺口
24 Ave & 29 St,906,315,591,2.88,严重缺口
7 Ave & 20 St,1269,679,590,1.87,严重缺口
Orchard St & Grand St,4090,3501,589,1.17,严重缺口
Broadway & Kosciuszko St,1310,722,588,1.81,严重缺口
Carroll St & Franklin Ave,885,299,586,2.96,严重缺口
Rockaway Ave & Bainbridge St,927,342,585,2.71,严重缺口
Jackson St & Leonard St,1261,677,584,1.86,严重缺口
Pierrepont St & Monroe Pl,1883,1299,584,1.45,严重缺口
W 181 St & Riverside Dr,994,413,581,2.41,严重缺口
21 St & 21 Ave,888,308,580,2.88,严重缺口
24 Ave & 26 St,1088,509,579,2.14,严重缺口
46 St & 25 Ave,769,193,576,3.98,严重缺口
Adam Clayton Powell Blvd & W 115 St,2019,1443,576,1.4,严重缺口
Riverside Dr & W 148 St,822,248,574,3.31,严重缺口
7 Ave & 22 St,709,137,572,5.18,严重缺口
Bergen St & Flatbush Ave,3057,2485,572,1.23,严重缺口
Beck St & Leggett Ave,689,122,567,5.65,严重缺口
Bayard St & Leonard St,2250,1683,567,1.34,严重缺口
Bushwick Ave & Powers St,1682,1117,565,1.51,严重缺口
31 Ave & 14 St,1055,490,565,2.15,严重缺口
Lincoln Pl & Classon Ave,1686,1124,562,1.5,严重缺口
Bushwick Ave & Dekalb Ave,1113,552,561,2.02,严重缺口
E 118 St & 3 Ave,1419,861,558,1.65,严重缺口
6 Ave & W 34 St,9730,9174,556,1.06,严重缺口
5 Ave & E 93 St,4340,3784,556,1.15,严重缺口
Myrtle Ave & St Edwards St,1856,1301,555,1.43,严重缺口
Meserole Ave & Manhattan Ave,3470,2916,554,1.19,严重缺口
Halsey St & Tompkins Ave,1623,1074,549,1.51,严重缺口
Clinton St & 4 Place,2293,1745,548,1.31,严重缺口
Division Ave & Hooper St,1344,802,542,1.68,严重缺口
Court St & Nelson St,2021,1480,541,1.37,严重缺口
Graham Ave & Withers St,1676,1136,540,1.48,严重缺口
W 36 St & 9 Ave,4772,4235,537,1.13,严重缺口
Cedar St & Evergreen Ave,769,236,533,3.26,严重缺口
Lewis Ave & Decatur St,1359,827,532,1.64,严重缺口
E 88 St & Park Ave,4255,3727,528,1.14,严重缺口
Prospect Park West & 8 St,2949,2422,527,1.22,严重缺口
Riverside Dr & W 153 St,1024,502,522,2.04,严重缺口
Crescent St & 30 Ave,2662,2142,520,1.24,严重缺口
Columbia Heights & Cranberry St,1539,1019,520,1.51,严重缺口
Menahan St & Central Ave,781,262,519,2.98,严重缺口
Frederick Douglass Blvd & W 139 St,1169,651,518,1.8,严重缺口
Prospect Park W & 20 St,1037,522,515,1.99,严重缺口
35 St & 34 Ave,871,359,512,2.43,严重缺口
E 23 St & 1 Ave,10655,10145,510,1.05,严重缺口
Bushwick Ave & Harman St,978,468,510,2.09,严重缺口
W 39 St & 9 Ave,1466,957,509,1.53,严重缺口
Madison St & Clinton St,2224,1715,509,1.3,严重缺口
Adam Clayton Powell Blvd & W 118 St,2252,1743,509,1.29,严重缺口
Windsor Pl & Howard Pl,1605,1097,508,1.46,严重缺口
Willoughby Ave & Walworth St,1369,867,502,1.58,严重缺口
Pinehurst Ave & W 187 St,870,373,497,2.33,严重缺口
E 33 St & 1 Ave,15596,15101,495,1.03,严重缺口
Harman St & Seneca Ave,731,236,495,3.1,严重缺口
Kent Ave & Division Ave,1870,1379,491,1.36,严重缺口
Steinway St & 23 Ave,811,322,489,2.52,严重缺口
Ditmars Blvd & 19 St,1266,778,488,1.63,严重缺口
Morton St & Washington St,5070,4582,488,1.11,严重缺口
Stanhope St & Fairview Ave,852,366,486,2.33,严重缺口
Crescent St & Ditmars Blvd,1036,553,483,1.87,严重缺口
E 81 St & 2 Ave,865,384,481,2.25,严重缺口
DeKalb Ave & S Portland Ave,4210,3731,479,1.13,严重缺口
Center Blvd & 51 Ave,2519,2040,479,1.23,严重缺口
5 Ave & 41 St,929,451,478,2.06,严重缺口
7 Ave & 40 St,647,170,477,3.81,严重缺口
43 Ave & 42 St,701,225,476,3.12,严重缺口
Pacific St & Classon Ave,1221,746,475,1.64,严重缺口
E 17 St & 2 Ave,2542,2068,474,1.23,严重缺口
Central Ave & Himrod St,769,295,474,2.61,严重缺口
Thompson St & Bleecker St,5610,5137,473,1.09,严重缺口
38 St & 30 Ave,2214,1745,469,1.27,严重缺口
Sullivan Pl & Bedford Ave,706,239,467,2.95,严重缺口
Adam Clayton Powell Blvd & W 132 St,1435,970,465,1.48,严重缺口
E 106 St & 1 Ave,1660,1198,462,1.39,严重缺口
E 39 St & 2 Ave,9366,8907,459,1.05,严重缺口
Lenox Ave & W 117 St,3495,3036,459,1.15,严重缺口
23 Ave & 27 St,788,332,456,2.37,严重缺口
44 St & 6 Ave,669,217,452,3.08,严重缺口
Bradhurst Ave & W 148 St,866,416,450,2.08,严重缺口
43 St & 37 Ave,683,236,447,2.89,严重缺口
Onderdonk Ave & Dekalb Ave,729,286,443,2.55,严重缺口
Steinway St & 21 Ave,1141,700,441,1.63,严重缺口
Bond St & Bergen St,2384,1952,432,1.22,严重缺口
19 St & 24 Ave,1002,572,430,1.75,严重缺口
W 146 St & Broadway,776,347,429,2.24,严重缺口
E 92 St & Park Ave,1096,668,428,1.64,严重缺口
Knickerbocker Ave & Halsey St,878,451,427,1.95,严重缺口
Delancey St & Eldridge St,2153,1727,426,1.25,严重缺口
Fairview Ave & Linden St,652,227,425,2.87,严重缺口
Powers St & Olive St,915,490,425,1.87,严重缺口
Putnam Ave & Knickerbocker Ave,609,184,425,3.31,严重缺口
St James Pl & Oliver St,3652,3228,424,1.13,严重缺口
E 115 St & Lexington Ave,1937,1515,422,1.28,严重缺口
7 St & 5 Ave,1835,1413,422,1.3,严重缺口
Madison St & Woodward Ave,696,279,417,2.49,严重缺口
St. Nicholas Ave & W 157 St,578,162,416,3.57,严重缺口
Cathedral Pkwy & Broadway,2440,2024,416,1.21,严重缺口
Pacific St & Nevins St,1895,1480,415,1.28,严重缺口
16th St & 4th Ave,964,549,415,1.76,严重缺口
Hancock St & Bedford Ave,1695,1286,409,1.32,严重缺口
Fort Washington Ave & W 183 St,628,221,407,2.84,严重缺口
48 Ave & 5 St,1094,689,405,1.59,严重缺口
Wyckoff St & Nevins St,1480,1079,401,1.37,严重缺口
34 Ave & 31 St,841,441,400,1.91,严重缺口
4 Ave & 3 St,2575,2176,399,1.18,严重缺口
St Marks Pl & 4 Ave,2090,1693,397,1.23,严重缺口
Broadway & W 142 St,635,240,395,2.65,严重缺口
Vernon Blvd & 31 Ave,1516,1123,393,1.35,严重缺口
Prospect Pl & 6 Ave,1943,1551,392,1.25,严重缺口
Amsterdam Ave & W 156 St,613,223,390,2.75,严重缺口
Amsterdam Ave & W 66 St,4909,4520,389,1.09,严重缺口
Willoughby Ave & Onderdonk Ave,731,343,388,2.13,严重缺口
2 Ave & E 122 St,1708,1321,387,1.29,严重缺口
Lincoln Ave & E 134 St,622,236,386,2.64,严重缺口
Convent Ave & W 151 St,547,161,386,3.4,严重缺口
Verona Pl & Fulton St,1701,1316,385,1.29,严重缺口
35 St & Broadway,1115,732,383,1.52,严重缺口
35 Ave & 10 St,1503,1121,382,1.34,严重缺口
Adam Clayton Powell Blvd & W 123 St,2234,1852,382,1.21,严重缺口
3 St & 7 Ave,4201,3819,382,1.1,严重缺口
50 St & Barnett Ave,446,64,382,6.97,严重缺口
30 Ave & 41 St,843,462,381,1.82,严重缺口
W 33 St & 7 Ave,832,452,380,1.84,严重缺口
Central Ave & Melrose St,671,293,378,2.29,严重缺口
W 41 St & 8 Ave,6723,6348,375,1.06,严重缺口
37 St & 24 Ave,771,398,373,1.94,严重缺口
Calyer St & Guernsey St,1367,996,371,1.37,严重缺口
Newton Rd & 44 St,621,250,371,2.48,严重缺口
Van Buren St & Broadway,617,248,369,2.49,严重缺口
3 Ave & E 112 St,1182,814,368,1.45,严重缺口
5 St & 6 Ave,1563,1195,368,1.31,严重缺口
E 20 St & FDR Drive,709,343,366,2.07,严重缺口
W 148 St & Amsterdam Ave,676,310,366,2.18,严重缺口
Riverside Dr & W 145 St,755,394,361,1.92,严重缺口
E 97 St & 3 Ave,1451,1092,359,1.33,严重缺口
Wadsworth Ave & W 179 St,1153,795,358,1.45,严重缺口
Humboldt St & Varet St,1028,670,358,1.53,严重缺口
Frederick Douglass Blvd & W 129 St,1167,809,358,1.44,严重缺口
40 Ave & 9 St,819,461,358,1.78,严重缺口
Leonard St & Boerum St,1060,704,356,1.51,严重缺口
W 180 St & Ft Washington Ave,870,515,355,1.69,严重缺口
Caton Ave & E 10 St,594,239,355,2.49,严重缺口
Caton Ave & Argyle Rd,644,293,351,2.2,严重缺口
Forsyth St & Broome St,3295,2944,351,1.12,严重缺口
Manhattan Av & Leonard St,953,603,350,1.58,严重缺口
19 St & 8 Ave,641,291,350,2.2,严重缺口
E 74 St & 1 Ave,6187,5841,346,1.06,严重缺口
62 St & Northern Blvd,748,402,346,1.86,严重缺口
St Nicholas Ave & W 150 St,808,463,345,1.75,严重缺口
Melrose St & Broadway,1333,990,343,1.35,严重缺口
Onderdonk Ave & Gates Ave,508,167,341,3.04,严重缺口
Menahan St & Seneca Ave,502,163,339,3.08,严重缺口
21 St & 4 Ave,1073,738,335,1.45,严重缺口
27 Ave & 3 St,490,157,333,3.12,严重缺口
W 35 St & Dyer Ave,2836,2504,332,1.13,严重缺口
Southern Blvd & E 175 St,636,304,332,2.09,严重缺口
38 Ave & 29 St,1133,801,332,1.41,严重缺口
Lafayette Ave & Classon Ave,2788,2458,330,1.13,严重缺口
Irving Ave & Harman St,806,476,330,1.69,严重缺口
43 St & Skillman Ave,575,248,327,2.32,严重缺口
46 St & 7 Ave,719,392,327,1.83,严重缺口
MacDougal St & Washington Sq,3947,3621,326,1.09,严重缺口
3 Ave & E 71 St,2529,2205,324,1.15,严重缺口
31 Ave & 57 St,417,95,322,4.39,严重缺口
Prospect Park SW & Greenwood Ave,1140,825,315,1.38,严重缺口
44 St & 48 Ave,448,133,315,3.37,严重缺口
7 Ave & 17 St,915,603,312,1.52,严重缺口
Halsey St & Evergreen Ave,452,141,311,3.21,严重缺口
W 56 St & 8 Ave,3663,3355,308,1.09,严重缺口
Hamilton Pl & W 138 St,472,166,306,2.84,严重缺口
McDonald Ave & Vanderbilt St,516,211,305,2.45,严重缺口
Nassau St\t& Duffield St,1243,941,302,1.32,严重缺口
Halsey St & Broadway,827,527,300,1.57,严重缺口
Steinway St & Ditmars Blvd,576,277,299,2.08,严重缺口
1 Ave & E 62 St,7916,7619,297,1.04,严重缺口
31 Rd & 21 St,702,410,292,1.71,严重缺口
Warren St & Court St,1712,1423,289,1.2,严重缺口
Sharon St & Olive St,1028,739,289,1.39,严重缺口
Johnson St & Gold St,2025,1737,288,1.17,严重缺口
W 160 St & St. Nicholas Ave,606,318,288,1.91,严重缺口
Windsor Pl & 8 Ave,895,610,285,1.47,严重缺口
Suydam St & Knickerbocker Ave,875,592,283,1.48,严重缺口
W 113 St & Broadway,2727,2444,283,1.12,严重缺口
W 140 St & Riverside Dr,457,175,282,2.61,严重缺口
St. Nicholas Ave & W 155 St,558,277,281,2.01,严重缺口
Carroll St & Washington Ave,785,507,278,1.55,严重缺口
2 Ave & E 31 St,5913,5637,276,1.05,严重缺口
46 St & 6 Ave,448,172,276,2.6,严重缺口
6 Ave & 9 St,3197,2921,276,1.09,严重缺口
Nelson Ave & W 172 St,417,143,274,2.92,严重缺口
Frost St & Meeker Ave,1102,828,274,1.33,严重缺口
30 Ave & 21 St,1011,738,273,1.37,严重缺口
Popham Ave & W 174 St,337,64,273,5.27,严重缺口
Eldert St & Bushwick Ave,363,91,272,3.99,严重缺口
Lewis Ave & Greene Ave,394,122,272,3.23,严重缺口
W 155 St & Frederick Douglass Blvd,461,189,272,2.44,严重缺口
51 St & Hobart St,626,355,271,1.76,严重缺口
W 170 St & University Ave,445,174,271,2.56,严重缺口
Walton Ave & E 168 St,426,156,270,2.73,严重缺口
W 145 St & Amsterdam Ave,704,434,270,1.62,严重缺口
Green St & McGuinness Blvd,749,479,270,1.56,严重缺口
Central Ave & Covert St,679,412,267,1.65,严重缺口
21 St & 23 Ave,431,166,265,2.6,严重缺口
Lexington Ave & E 36 St,3994,3730,264,1.07,严重缺口
34 Ave & 45 St,452,188,264,2.4,严重缺口
Broadway & W 58 St,14269,14007,262,1.02,严重缺口
34 St & 35 Ave,1140,880,260,1.3,严重缺口
43 St & Broadway,735,476,259,1.54,严重缺口
Ogden Ave & W 165 St,559,300,259,1.86,严重缺口
Clinton St & Centre St,577,319,258,1.81,严重缺口
Park Ave & St Edwards St,1298,1041,257,1.25,严重缺口
Prospect Pl & Vanderbilt Ave,870,617,253,1.41,严重缺口
Hamilton Pl & W 140 St,541,289,252,1.87,严重缺口
20 Ave & 21 St,416,164,252,2.54,严重缺口
Berkeley Pl & 7 Ave,4052,3802,250,1.07,严重缺口
Eastern Pkwy & Franklin Ave,3730,3480,250,1.07,严重缺口
Sullivan Pl & Franklin Ave,940,691,249,1.36,严重缺口
Broadway & W 160 St,671,422,249,1.59,严重缺口
Albany Ave & Fulton St,950,702,248,1.35,严重缺口
Ocean Pkwy & Church Ave,833,586,247,1.42,严重缺口
46 St & 30 Rd,586,339,247,1.73,严重缺口
34th Ave & Vernon Blvd,926,680,246,1.36,严重缺口
Nagle Ave & Ellwood St,506,264,242,1.92,严重缺口
E Burnside Ave & Ryer Ave,436,194,242,2.25,严重缺口
E 118 St & Park Ave,556,315,241,1.77,严重缺口
Jerome Ave & Bedford Park Blvd E,618,378,240,1.63,严重缺口
3 Ave & E 170 St,610,370,240,1.65,严重缺口
48 Ave & 41 St,394,154,240,2.56,严重缺口
45 St & 4 Ave,671,432,239,1.55,严重缺口
43 St & 23 Ave,350,112,238,3.12,严重缺口
Macombs Rd & W 175 St,426,189,237,2.25,严重缺口
Henry St & W 9 St,516,281,235,1.84,严重缺口
Park Ave & E 162 St,637,403,234,1.58,严重缺口
48 St & 5 Ave,435,202,233,2.15,严重缺口
Myrtle Ave & Marcy Ave,1661,1428,233,1.16,严重缺口
Withers St & Kingsland Ave,648,415,233,1.56,严重缺口
Graham Ave & Grand St,2144,1912,232,1.12,严重缺口
E 116 St & 2 Ave,1273,1042,231,1.22,严重缺口
39 St & 50 Ave,363,133,230,2.73,严重缺口
5 Ave & E 135 St,1241,1012,229,1.23,严重缺口
E 115 St & Madison Ave,1162,935,227,1.24,严重缺口
Moffat St & Bushwick,373,146,227,2.55,严重缺口
E 3 St & Church Ave,412,186,226,2.22,严重缺口
West Drive & Prospect Park West,3432,3207,225,1.07,严重缺口
George St & Wilson Ave,555,332,223,1.67,严重缺口
21 St & Hoyt Ave S,1149,929,220,1.24,严重缺口
Ogden Ave & W 164 St,346,127,219,2.72,严重缺口
Seaman Ave & Beak St,527,309,218,1.71,严重缺口
St Nicholas Ave & W 134 St,1563,1345,218,1.16,严重缺口
Amsterdam Ave & W 186 St,341,123,218,2.77,严重缺口
Caton Ave & E 7 St,602,386,216,1.56,严重缺口
43 Ave & 47 St,300,84,216,3.57,严重缺口
W 63 St & Broadway,6590,6375,215,1.03,严重缺口
Macombs Pl & W 152 St,465,251,214,1.85,严重缺口
Pitt St & Stanton St,1415,1201,214,1.18,严重缺口
Jerome Ave & Ogden Ave,318,110,208,2.89,严重缺口
Leonard St & Nassau Ave,3003,2796,207,1.07,严重缺口
E 141 St & St Ann's Ave,385,179,206,2.15,严重缺口
Broadway & W 153 St,365,160,205,2.28,严重缺口
31 St & 21 Ave,556,351,205,1.58,严重缺口
2 Ave & E 99 St,2810,2605,205,1.08,严重缺口
W 129 St & Convent Ave,909,705,204,1.29,严重缺口
W 159 St & Edgecombe Ave,307,103,204,2.98,严重缺口
Boston Rd & Prospect Ave,330,127,203,2.6,严重缺口
Cedar St & Myrtle Ave,697,496,201,1.41,严重缺口
Knickerbocker Ave & Hancock St,398,199,199,2.0,严重缺口
39 Dr & 52 St,251,54,197,4.65,严重缺口
Kent Ave & S 11 St,518,322,196,1.61,严重缺口
Division Ave & Marcy Ave,954,759,195,1.26,严重缺口
Grand Concourse & E 203 St,275,82,193,3.35,严重缺口
Creston Ave & E 181 St,314,121,193,2.6,严重缺口
W 163 St & Riverside Dr,368,175,193,2.1,严重缺口
E 138 St & 5 Av,1207,1015,192,1.19,严重缺口
Amsterdam Ave & W 162 St,473,281,192,1.68,严重缺口
Anderson Ave & W 164 St,318,127,191,2.5,严重缺口
39 Ave & 45 St,262,74,188,3.54,严重缺口
E 114 St & 1 Ave,1941,1754,187,1.11,严重缺口
Harlem River Dr & W 155 St,376,189,187,1.99,严重缺口
21 Ave & 80 St,239,54,185,4.43,严重缺口
35 St & 21 Ave,358,174,184,2.06,严重缺口
Grand Concourse & E 205 St,277,94,183,2.95,严重缺口
W 144 St & Adam Clayton Powell Blvd,888,705,183,1.26,严重缺口
W 176 St & Montgomery Ave,308,126,182,2.44,严重缺口
Willis Ave & Bruckner Blvd,455,276,179,1.65,严重缺口
Kent St & McGuinness Blvd,837,658,179,1.27,严重缺口
58 St & 32 Ave,311,133,178,2.34,严重缺口
Sedgwick Ave & W Tremont Ave,249,71,178,3.51,严重缺口
Lexington Ave & E 120 St,1770,1593,177,1.11,严重缺口
Grand Army Plaza & Plaza St West,2038,1861,177,1.1,严重缺口
Fort Washington Ave & W 173 St,486,309,177,1.57,严重缺口
Broadway & Furman Ave,244,69,175,3.54,严重缺口
E 8 St & Caton Ave,468,293,175,1.6,严重缺口
2 Ave & E 125 St,1418,1244,174,1.14,严重缺口
Sherman Ave & E 166 St,448,277,171,1.62,严重缺口
Stephen St & Seneca Ave,239,68,171,3.51,严重缺口
Carlton Ave & St Marks Ave,405,235,170,1.72,严重缺口
E 128 St & Madison Ave,1285,1115,170,1.15,严重缺口
Edgecombe Ave & W 150 St,291,124,167,2.35,严重缺口
Amsterdam Ave & W 172 St,284,117,167,2.43,严重缺口
57 St & 4 Ave,530,363,167,1.46,严重缺口
Central Ave & Decatur St,294,127,167,2.31,严重缺口
Ditmars Blvd & 48 St,217,51,166,4.25,严重缺口
Coffey St & Conover St,727,561,166,1.3,严重缺口
Broadway & Hancock St,717,551,166,1.3,严重缺口
Centre St & Seneca Ave,283,118,165,2.4,严重缺口
Boerum Pl\t& Pacific St,2173,2009,164,1.08,严重缺口
Irving Ave & Jefferson St,1171,1007,164,1.16,严重缺口
Broadway & W 133 St,1287,1124,163,1.15,严重缺口
St. Ann's Ave & E 144 St,316,155,161,2.04,严重缺口
48 St & Skillman Ave,274,115,159,2.38,严重缺口
8 Ave & W 49 St,6726,6567,159,1.02,严重缺口
E 182 St & Morris Ave,264,105,159,2.51,严重缺口
Valentine Ave & E 181 St,253,95,158,2.66,严重缺口
Hanson Pl & Ashland Pl,7699,7541,158,1.02,严重缺口
76 St & 21 Ave,272,114,158,2.39,严重缺口
Union Ave & Jackson St,1288,1130,158,1.14,严重缺口
Wakeman Pl & Ridge Blvd,300,143,157,2.1,严重缺口
Van Brunt St & Wolcott St,1575,1419,156,1.11,严重缺口
Madison St & Seneca Ave,409,253,156,1.62,严重缺口
Monroe St & Marcus Garvey Blvd,213,58,155,3.67,严重缺口
Broadway & W 155 St,666,511,155,1.3,严重缺口
Knickerbocker Ave & George St,882,728,154,1.21,严重缺口
3 Ave & E 169 St,687,533,154,1.29,严重缺口
Lexington Ave & E 26 St,3768,3614,154,1.04,严重缺口
Myrtle Ave & Fleet Pl,2197,2044,153,1.07,严重缺口
Broadway & W 138 St,213,61,152,3.49,严重缺口
Grand Concourse & E 196 St,269,117,152,2.3,严重缺口
39 Ave & 56 St,226,74,152,3.05,严重缺口
Cabrini Blvd & W 177 St,274,123,151,2.23,严重缺口
9 Ave & W 39 St,438,287,151,1.53,严重缺口
30 Ave & 12 St,388,237,151,1.64,严重缺口
43 St & 35 Ave,310,160,150,1.94,严重缺口
67 St & Ridge Blvd,214,64,150,3.34,严重缺口
E 68 St & 3 Ave,3553,3403,150,1.04,严重缺口
Hancock St & Stuyvesant Ave,228,79,149,2.89,严重缺口
Montrose Ave & Bushwick Ave,2022,1874,148,1.08,严重缺口
Carlton Ave & Park Ave,1146,999,147,1.15,严重缺口
W 186 St & St. Nicholas Ave,314,167,147,1.88,严重缺口
E 138 St & Cypress Ave,480,334,146,1.44,严重缺口
Concord St & Bridge St,1456,1310,146,1.11,严重缺口
Nostrand Ave & Myrtle Ave,924,778,146,1.19,严重缺口
Clermont Ave & Park Ave,2543,2398,145,1.06,严重缺口
Suydam St & St. Nicholas Ave,262,117,145,2.24,严重缺口
Wolcott St & Dwight St,564,420,144,1.34,严重缺口
55 St & 7 Ave,286,142,144,2.01,严重缺口
St Nicholas Ave & Manhattan Ave,4243,4101,142,1.03,严重缺口
Montgomery St & Franklin Ave,581,439,142,1.32,严重缺口
43 Ave & 40 St,248,107,141,2.32,严重缺口
Union St & 4 Ave,2061,1920,141,1.07,严重缺口
55 St & 5 Ave,197,56,141,3.52,严重缺口
6 Ave & 55 St,191,50,141,3.82,严重缺口
Grand Concourse & E 199 St,216,76,140,2.84,严重缺口
53 St & Roosevelt Ave,173,33,140,5.24,严重缺口
Jerome Ave & Anderson Ave,273,133,140,2.05,严重缺口
Bainbridge Ave & Bedford Park Blvd,214,75,139,2.85,严重缺口
Longfellow Ave & E 165 St,181,42,139,4.31,严重缺口
35 St & 23 Ave,355,216,139,1.64,严重缺口
E 153 St & E 157 St,320,182,138,1.76,严重缺口
Amsterdam Ave & W 136 St,773,635,138,1.22,严重缺口
51 St & 43 Ave,320,182,138,1.76,严重缺口
Walton Ave & E 171 St,404,266,138,1.52,严重缺口
New York Ave & St Marks Ave,165,29,136,5.69,严重缺口
43 St & 50 Ave,337,201,136,1.68,严重缺口
E 169 St & Webster Ave,275,140,135,1.96,严重缺口
Grant Ave & E 169 St,273,138,135,1.98,严重缺口
Hoyt St & Warren St,573,440,133,1.3,严重缺口
Crotona Park North & Prospect Ave,280,148,132,1.89,严重缺口
Southern Blvd & E 149 St,512,380,132,1.35,严重缺口
48 St & 37 Ave,397,266,131,1.49,严重缺口
Prospect Ave & Vanderbilt St,309,178,131,1.74,严重缺口
53 St & 5 Ave,320,189,131,1.69,严重缺口
Menahan St & Wyckoff Ave,313,183,130,1.71,严重缺口
E 170 St & Webster Ave,524,394,130,1.33,严重缺口
W Tremont Ave & Montgomery Ave,339,209,130,1.62,严重缺口
W Tremont Ave & Matthewson Rd,203,75,128,2.71,严重缺口
Old Broadway & W 133 St,279,151,128,1.85,严重缺口
Bainbridge Ave & E 196 St,178,51,127,3.49,严重缺口
Broadway & 12 St,833,707,126,1.18,严重缺口
5 Ave & W 126 St,1255,1132,123,1.11,严重缺口
36 St & Ditmars Blvd,478,355,123,1.35,严重缺口
Atlantic Ave & Furman St,3037,2914,123,1.04,严重缺口
Rivington St & Chrystie St,4240,4118,122,1.03,严重缺口
E 142 St & 3 Ave,591,469,122,1.26,严重缺口
E Mosholu Pkwy & E 204 St,161,39,122,4.13,严重缺口
E 170 St & Clay Ave,333,212,121,1.57,严重缺口
Margaret Corbin Plz & Ft Washington Ave,251,130,121,1.93,严重缺口
Seaman Ave & Isham St,304,184,120,1.65,严重缺口
Audobon Ave & W 179 St,363,243,120,1.49,严重缺口
Bushwick Ave & Stagg St,477,358,119,1.33,严重缺口
Grand Concourse & E 197 St,246,127,119,1.94,严重缺口
48 St & Barnett Ave,181,63,118,2.87,严重缺口
Union Ave & N 12 St,2837,2719,118,1.04,严重缺口
Ditmars Blvd & 73 St,202,85,117,2.38,严重缺口
Hazen St & 20 Ave,388,271,117,1.43,严重缺口
E 156 St & Courtlandt Ave,312,196,116,1.59,严重缺口
Sheridan Ave & E 168 St,355,239,116,1.49,严重缺口
E 165 St & Clay Ave,317,201,116,1.58,严重缺口
Cauldwell Ave & E 158 St,243,127,116,1.91,严重缺口
31 Ave & Steinway St,1207,1092,115,1.11,严重缺口
E 155 St & Courtlandt Ave,187,72,115,2.6,严重缺口
University Ave & Brandt Pl,209,95,114,2.2,严重缺口
Grand Concourse & E 167 St,649,535,114,1.21,严重缺口
48 St & 50 Ave,230,117,113,1.97,严重缺口
Knickerbocker Ave & Cooper St,227,114,113,1.99,严重缺口
Prospect Pl & Nostrand Ave,169,57,112,2.96,严重缺口
Nelson Ave & 167 St,309,198,111,1.56,严重缺口
8 St & Astoria Blvd,966,855,111,1.13,严重缺口
44 St & Greenpoint Ave,190,80,110,2.38,严重缺口
Hoe Ave & Jennings St,233,123,110,1.89,严重缺口
Chester Ave & 12 Ave,276,166,110,1.66,严重缺口
Banker St & Meserole Ave,1295,1185,110,1.09,严重缺口
E 171 St & Webster Ave,242,134,108,1.81,严重缺口
Frederick Douglass Blvd & Harlem River Dr,334,227,107,1.47,严重缺口
Hancock St & Malcolm X Blvd,186,80,106,2.33,严重缺口
Stuyvesant Ave & Gates Ave,215,109,106,1.97,严重缺口
Ditmars Blvd & 76 St,210,104,106,2.02,严重缺口
Pacific St & Nostrand Ave,189,84,105,2.25,严重缺口
Broadway & W 185 St,676,572,104,1.18,严重缺口
Macombs Rd & Featherbed Ln,229,126,103,1.82,严重缺口
Tiebout Ave & E 184 St,267,164,103,1.63,严重缺口
Greenpoint Ave & 47 St,349,246,103,1.42,严重缺口
Grand Concourse & E 166 St,625,523,102,1.2,严重缺口
20 Ave & 48 St,223,122,101,1.83,严重缺口
20 Ave & 38 St,847,746,101,1.14,严重缺口
Putnam Ave & Ralph Ave,154,54,100,2.85,严重缺口
Franklin Ave & Myrtle Ave,1181,1081,100,1.09,严重缺口
Broadway & W 192 St,406,306,100,1.33,严重缺口
Shakespeare Ave & W 169 St,421,321,100,1.31,严重缺口
Nevins St & Schermerhorn St,2913,2814,99,1.04,严重缺口
Amsterdam Ave & W 175 St,236,137,99,1.72,严重缺口
W Tremont Ave & Grand Ave,173,75,98,2.31,严重缺口
E 170 St & Sheridan Ave,482,384,98,1.26,严重缺口
Broadway & Moylan Pl,1365,1268,97,1.08,严重缺口
Fulton Ave & St. Paul's Pl,514,417,97,1.23,严重缺口
Grand Ave & W 181 St,173,77,96,2.25,严重缺口
20 Ave & 42 St,369,273,96,1.35,严重缺口
Prospect Ave & Longwood Ave,238,143,95,1.66,严重缺口
University Ave & Macombs Rd,372,277,95,1.34,严重缺口
Douglass St & 4 Ave,2506,2411,95,1.04,严重缺口
Broadway	& W 48 St,128,33,95,3.88,严重缺口
Church Ave & McDonald Ave,282,187,95,1.51,严重缺口
Westchester Ave & E 156 St,441,347,94,1.27,严重缺口
Prospect Ave & E 151 St,315,221,94,1.43,严重缺口
Ditmars Blvd & 79 St,308,214,94,1.44,严重缺口
Tinton Ave & E 165 St,334,241,93,1.39,严重缺口
Prospect Ave & Jennings St,147,55,92,2.67,严重缺口
W 192 St & University Ave,236,145,91,1.63,严重缺口
Dean St & Hoyt St,1627,1537,90,1.06,严重缺口
Morris Ave & McClellan St,418,328,90,1.27,严重缺口
Bainbridge Ave & E 198 St,183,93,90,1.97,严重缺口
46 St & Queens Blvd,369,280,89,1.32,严重缺口
Madison Ave & E 120 St,1892,1803,89,1.05,严重缺口
52 St & 6 Ave,139,50,89,2.78,严重缺口
Bushwick Ave & Furman Ave,238,149,89,1.6,严重缺口
28 St & 36 Ave,910,821,89,1.11,严重缺口
Morningside Dr & Amsterdam Ave,830,742,88,1.12,严重缺口
Monroe St & Patchen Ave,129,41,88,3.15,严重缺口
61 St & Queens Blvd,110,23,87,4.78,严重缺口
Westchester Ave & Longwood Ave,557,470,87,1.19,严重缺口
Westchester Ave & Southern Blvd,374,287,87,1.3,严重缺口
E Tremont Ave & E 176 St,394,309,85,1.28,严重缺口
E 110 St & Madison Ave,520,435,85,1.2,严重缺口
Henry St & Middagh St,1403,1318,85,1.06,严重缺口
W Fordham Rd & Loring Pl N,253,169,84,1.5,严重缺口
Weeks Ave & E 175 St,166,82,84,2.02,严重缺口
Madison St & Malcolm X Blvd,113,29,84,3.9,严重缺口
Smith St & 3 St,2271,2188,83,1.04,严重缺口
Amsterdam Ave & W 152 St,598,515,83,1.16,严重缺口
W 171 St & St. Nicholas Ave,390,307,83,1.27,严重缺口
Freeman St & Reverend James A Polite Ave,144,62,82,2.32,严重缺口
Grand Concourse & E 164 St,661,579,82,1.14,严重缺口
Nassau St & Duffield St,240,159,81,1.51,严重缺口
W 17 St & 7 Ave,1054,973,81,1.08,严重缺口
E 77 St & 3 Ave,5320,5240,80,1.02,严重缺口
Willoughby St & Ashland Pl,1060,980,80,1.08,严重缺口
E 144 St & Brook Ave,202,122,80,1.66,严重缺口
E 149 St & Jackson Ave,433,353,80,1.23,严重缺口
E 106 St & Madison Ave,2697,2617,80,1.03,严重缺口
Edgecombe Ave & W 167 St,415,335,80,1.24,严重缺口
59 St & 4 Ave,626,547,79,1.14,严重缺口
Putnam Ave & Wyckoff Ave,271,193,78,1.4,严重缺口
Botanical Sq & Webster Ave,275,197,78,1.4,严重缺口
Featherbed Ln & Nelson Ave,265,187,78,1.42,严重缺口
Willis Ave & E 141 St,644,566,78,1.14,严重缺口
Malcolm X Blvd & DeKalb Ave,155,78,77,1.99,严重缺口
Chauncey St & Howard Ave,135,58,77,2.33,严重缺口
Broadway & Roebling St,2400,2323,77,1.03,严重缺口
Broadway & Ellwood St,208,132,76,1.58,严重缺口
Brooklyn Ave & Prospect Pl,120,44,76,2.73,严重缺口
E 165 St & Fox St,146,71,75,2.06,严重缺口
Isham St & Broadway,480,405,75,1.19,严重缺口
Sterling Pl & New York Ave,122,48,74,2.54,严重缺口
Morris Ave & E 163 St,1108,1034,74,1.07,严重缺口
E 171 St & 3 Ave,409,335,74,1.22,严重缺口
Grand Concourse & E 175 St,201,128,73,1.57,严重缺口
Aqueduct Ave & W 190 St,137,65,72,2.11,严重缺口
Boerum St & Broadway,1676,1604,72,1.04,严重缺口
Southern Blvd & E 172 St,152,81,71,1.88,严重缺口
Park Cir & East Dr,1502,1432,70,1.05,严重缺口
Southern Blvd & Avenue St. John,227,158,69,1.44,严重缺口
E 141 St & Jackson Ave,182,115,67,1.58,严重缺口
50 St & 7 Ave,254,187,67,1.36,严重缺口
College Ave & E 170 St,186,120,66,1.55,严重缺口
34 Ave & 48 St,279,213,66,1.31,严重缺口
W 211 St & 10 Ave,116,50,66,2.32,严重缺口
37 Ave & 35 St,592,527,65,1.12,严重缺口
57 St & 43 Ave,102,37,65,2.76,严重缺口
E 158 St & Melrose Ave,378,313,65,1.21,严重缺口
Cypress Ave & Palmetto St,132,68,64,1.94,严重缺口
53 St & 4 Ave,745,682,63,1.09,严重缺口
Wilkins Ave & Crotona Park E,145,82,63,1.77,严重缺口
24 St & 5 Ave,647,584,63,1.11,严重缺口
Ft. Washington Ave & W 190 St,287,224,63,1.28,严重缺口
Lincoln Ave & E 138 St,959,896,63,1.07,严重缺口
Flatbush Ave & Eastern Pkwy,305,243,62,1.26,严重缺口
Frederick Douglass Blvd & W 145 St,654,592,62,1.1,严重缺口
Lenox Ave & W 144 St,525,463,62,1.13,严重缺口
Sherman Ave & Thayer St,256,194,62,1.32,严重缺口
Queens Blvd & 56 St,153,92,61,1.66,严重缺口
E 167 St & Franklin Ave,397,336,61,1.18,严重缺口
Bruckner Blvd & Bryant Ave,260,199,61,1.31,严重缺口
Wards Meadow Comfort Station,853,793,60,1.08,严重缺口
Ogden Ave & Merriam Ave,155,95,60,1.63,严重缺口
E 201 St & Briggs Ave,155,95,60,1.63,严重缺口
Lenox Ave & W 146 St,495,435,60,1.14,严重缺口
Ryer Ave & E 182 St,150,91,59,1.65,严重缺口
Amsterdam Ave & W 189 St,169,110,59,1.54,严重缺口
Little West St & 1 Pl,6503,6444,59,1.01,严重缺口
Woodside Ave & 55 St,76,18,58,4.22,严重缺口
Gerard Ave & E 165 St,142,84,58,1.69,严重缺口
61 St & Laurel Hill Blvd,65,8,57,8.12,严重缺口
63 St & 5 Ave,108,51,57,2.12,严重缺口
51 St & Queens Blvd,101,44,57,2.3,严重缺口
President St & 4 Ave,2639,2582,57,1.02,严重缺口
Walton Ave & E 183 St,184,128,56,1.44,严重缺口
Cypress Ave & George St,186,130,56,1.43,严重缺口
41 St & 4 Ave,541,485,56,1.12,严重缺口
Sedgwick Ave & W Burnside Ave,115,59,56,1.95,严重缺口
47 Ave & 48 St,108,53,55,2.04,严重缺口
Townsend Ave & E 175 St,158,103,55,1.53,严重缺口
E Mosholu Pkwy & Van Cortlandt Ave E,138,83,55,1.66,严重缺口
W 218 St & Indian Rd,163,108,55,1.51,严重缺口
Buchanan Pl & Grand Ave,118,64,54,1.84,严重缺口
Decatur Ave & Bedford Park Blvd,188,134,54,1.4,严重缺口
Eastern Pkwy & Troy Ave,73,20,53,3.65,严重缺口
Amsterdam Ave & W 131 St,460,407,53,1.13,严重缺口
Amsterdam Ave & W 167 St,419,367,52,1.14,严重缺口
Wadsworth Ave & W 175 St,424,373,51,1.14,严重缺口
Creston Ave & E 178 St,252,201,51,1.25,严重缺口
31 Ave & 61 St,232,182,50,1.27,轻微缺口
W 218 St & Broadway,258,208,50,1.24,轻微缺口
University Ave & W 168 St,221,171,50,1.29,轻微缺口
Dyckman St & Henshaw St,279,229,50,1.22,轻微缺口
20 Ave & Shore Blvd,131,81,50,1.62,轻微缺口
34 Ave & 13 St,427,378,49,1.13,轻微缺口
Shore Blvd & Astoria Park,423,374,49,1.13,轻微缺口
40 St & Queens Blvd,213,165,48,1.29,轻微缺口
E 167 St & Clay Ave,294,246,48,1.2,轻微缺口
Amsterdam Ave & W 180 St,181,133,48,1.36,轻微缺口
Macon St & Lewis Ave,58,11,47,5.27,轻微缺口
2 Ave & E 55 St,3415,3368,47,1.01,轻微缺口
Goble Pl & Macombs Rd,291,244,47,1.19,轻微缺口
Louis Nine Blvd & Intervale Ave,123,76,47,1.62,轻微缺口
59 St & 5 Ave,149,104,45,1.43,轻微缺口
41 Ave & 67 St,57,12,45,4.75,轻微缺口
3 Ave & Wakeman Pl,166,121,45,1.37,轻微缺口
Bailey Ave & Sedgwick Ave,89,45,44,1.98,轻微缺口
MacDonough St & Marcy Ave,98,56,42,1.75,轻微缺口
5 Ave & 66 St,170,128,42,1.33,轻微缺口
60 St & 37 Ave,60,18,42,3.33,轻微缺口
W 190 St & Broadway,311,269,42,1.16,轻微缺口
E 109 St & 3 Ave,88,47,41,1.87,轻微缺口
E 133 St & Cypress Pl,111,70,41,1.59,轻微缺口
21 St & 38 Ave,336,296,40,1.14,轻微缺口
Longwood Ave & Southern Blvd,332,292,40,1.14,轻微缺口
Nagle Ave & Thayer St,358,319,39,1.12,轻微缺口
Grand Concourse & E 171 St,326,287,39,1.14,轻微缺口
Aqueduct Ave & North St,72,34,38,2.12,轻微缺口
Gerard Ave & McClellan St,125,87,38,1.44,轻微缺口
39 St & Queens Blvd,351,313,38,1.12,轻微缺口
Herkimer St & New York Ave,79,42,37,1.88,轻微缺口
Jerome Ave & E 198 St,79,42,37,1.88,轻微缺口
39 Ave & 54 St,67,30,37,2.23,轻微缺口
Southern Blvd & Tiffany St,107,71,36,1.51,轻微缺口
Fulton Ave & E 168 St,371,335,36,1.11,轻微缺口
Skillman Ave & 54 St,128,93,35,1.38,轻微缺口
Lorimer St & Broadway,849,814,35,1.04,轻微缺口
61 St & 39 Ave,334,300,34,1.11,轻微缺口
Intervale Ave & Westchester Ave,264,230,34,1.15,轻微缺口
Kingston Ave & Park Pl,66,32,34,2.06,轻微缺口
Bergen St & Kingston Ave,58,24,34,2.42,轻微缺口
Lefferts Pl & Franklin Ave,2129,2096,33,1.02,轻微缺口
E 169 St & Fox St,79,46,33,1.72,轻微缺口
E 2 St & 2 Ave,3558,3525,33,1.01,轻微缺口
Eastern Pkwy & Washington Ave,1518,1485,33,1.02,轻微缺口
29 St & 5 Ave,270,237,33,1.14,轻微缺口
Stuyvesant Ave & Hart St,45,13,32,3.46,轻微缺口
Cauldwell Ave & E 161 St,164,132,32,1.24,轻微缺口
Sumpter St & Fulton St,54,23,31,2.35,轻微缺口
W 163 St & Edgecombe Ave,227,197,30,1.15,轻微缺口
W 212 St & 10 Ave,71,41,30,1.73,轻微缺口
Davidson Ave & W Burnside Ave,299,269,30,1.11,轻微缺口
Halsey St & Ralph Ave,70,40,30,1.75,轻微缺口
Courtlandt Ave & E 157 St,44,14,30,3.14,轻微缺口
Thomas S. Boyland St & Marion St,36,7,29,5.14,轻微缺口
Fulton St & Utica Ave,1517,1488,29,1.02,轻微缺口
62 St & 43 Ave,63,35,28,1.8,轻微缺口
Goulden Ave & W 197 St,191,163,28,1.17,轻微缺口
Albemarle Rd & McDonald Ave,443,415,28,1.07,轻微缺口
Columbia St & W 9 St,578,550,28,1.05,轻微缺口
72 St & Woodside Ave,62,35,27,1.77,轻微缺口
Decatur Ave & Oliver Pl,53,26,27,2.04,轻微缺口
4 Ave & Shore Road Dr,430,403,27,1.07,轻微缺口
Brooklyn Ave & Dean St,29,2,27,14.5,轻微缺口
Knickerbocker Ave & Moffat St,88,61,27,1.44,轻微缺口
E 165 St & Jerome Ave,81,55,26,1.47,轻微缺口
Mount Eden Pkwy & Eastburn Ave,249,223,26,1.12,轻微缺口
Grand Concourse & East Mount Eden Ave,529,503,26,1.05,轻微缺口
Anthony Ave & E Tremont Ave,370,344,26,1.08,轻微缺口
Macon St & Patchen Ave,32,7,25,4.57,轻微缺口
Westchester Ave & Jackson Ave,651,626,25,1.04,轻微缺口
23 St & 3 Ave,121,97,24,1.25,轻微缺口
65 St & 35 Ave,72,48,24,1.5,轻微缺口
Concourse Village East & E 158 St,356,332,24,1.07,轻微缺口
Crotona Park East & E 173 St,137,113,24,1.21,轻微缺口
Irving Ave & DeKalb Ave,450,426,24,1.06,轻微缺口
Thomas S. Boyland St & Macon St,39,16,23,2.44,轻微缺口
37 Ave & 63 St,29,6,23,4.83,轻微缺口
W 190 St & St. Nicholas Ave,73,50,23,1.46,轻微缺口
St. Johns Pl & Kingston Ave,50,27,23,1.85,轻微缺口
MacDonough St & Malcolm X Blvd,47,24,23,1.96,轻微缺口
Central Ave & Flushing Ave,486,464,22,1.05,轻微缺口
E 85 St & East End Ave,46,24,22,1.92,轻微缺口
Eastern Pkwy & Kingston Ave,69,47,22,1.47,轻微缺口
Melrose Ave & E 154 St,198,176,22,1.12,轻微缺口
Marion Ave & Mosholu Pkwy,222,200,22,1.11,轻微缺口
Park Pl & Utica Ave,25,4,21,6.25,轻微缺口
Morgan Ave & Lombardy St,1798,1777,21,1.01,轻微缺口
Jerome Ave & E 164 St,150,129,21,1.16,轻微缺口
MacDougal St & Rockaway Ave,27,6,21,4.5,轻微缺口
Dahill Rd & 12 Ave,382,361,21,1.06,轻微缺口
University Ave & W Burnside Ave,213,193,20,1.1,轻微缺口
Gerard Ave & E 164 St,120,100,20,1.2,轻微缺口
W 147 St & Adam Clayton Powell Blvd,770,750,20,1.03,轻微缺口
65 Pl & Woodside Ave,40,21,19,1.9,轻微缺口
River Ave & McClellan St,162,143,19,1.13,轻微缺口
Union Ave & E 169 St,214,196,18,1.09,轻微缺口
62 St & 34 Ave,79,61,18,1.3,轻微缺口
Broadway & 51 St,316,298,18,1.06,轻微缺口
Woodside Ave & 60 St,49,31,18,1.58,轻微缺口
Waterloo Pl & Crotona Park East,119,101,18,1.18,轻微缺口
W 204 St & Vermilyea Ave,240,223,17,1.08,轻微缺口
Grand Ave & W Fordham Rd,111,94,17,1.18,轻微缺口
Madison St & Cypress Ave,528,511,17,1.03,轻微缺口
Seneca Ave & Irvine St,66,49,17,1.35,轻微缺口
Boston Rd & E 167 St,619,602,17,1.03,轻微缺口
Prospect Pl & Howard Ave,19,3,16,6.33,轻微缺口
Webster Ave & E 166 St,176,161,15,1.09,轻微缺口
Andrews Ave S & W 179 St,196,181,15,1.08,轻微缺口
Morris Ave & E 184 St,98,83,15,1.18,轻微缺口
Jerome Ave & E 181 St,99,85,14,1.16,轻微缺口
Jerome Ave & W 184 St,93,79,14,1.18,轻微缺口
Irving Ave & Halsey St,482,468,14,1.03,轻微缺口
S Portland Ave & Hanson Pl,1702,1689,13,1.01,轻微缺口
Decatur St & Saratoga Ave,17,4,13,4.25,轻微缺口
St Marks Ave & Rochester Ave,18,5,13,3.6,轻微缺口
Intervale Ave & Kelly St,124,111,13,1.12,轻微缺口
Bergen St & Troy Ave,16,4,12,4.0,轻微缺口
69 St & 43 Ave,58,46,12,1.26,轻微缺口
Albany Ave & Park Pl,28,16,12,1.75,轻微缺口
E 106 St & Lexington Ave,1735,1723,12,1.01,轻微缺口
65 St & Roosevelt Ave,27,16,11,1.69,轻微缺口
Loring Pl North & W 183 St,118,107,11,1.1,轻微缺口
W 34 St &	Hudson Blvd E,32,22,10,1.45,轻微缺口
Wyckoff St & 3 Ave,26,16,10,1.62,轻微缺口
3 Ave & 14 St,656,647,9,1.01,轻微缺口
Forsyth St	& Grand St,18,10,8,1.8,轻微缺口
E 163 St & Tiffany St,162,154,8,1.05,轻微缺口
Troy Ave & Sterling Pl,19,11,8,1.73,轻微缺口
Woodside Ave & 69 St,17,10,7,1.7,轻微缺口
Featherbed Ln & Jerome Ave,88,81,7,1.09,轻微缺口
E Tremont Ave & Jerome Ave,136,130,6,1.05,轻微缺口
Macon St & Howard Ave,18,12,6,1.5,轻微缺口
Park Pl & Buffalo Ave,7,1,6,7.0,轻微缺口
Webster Ave & Ford St,135,129,6,1.05,轻微缺口
Eastern Pkwy & Ralph Ave,9,3,6,3.0,轻微缺口
Brevoort Pl & Bedford Ave,52,46,6,1.13,轻微缺口
Chauncey St & Malcolm X Blvd,69,64,5,1.08,轻微缺口
Bergen St & Saratoga Ave,6,1,5,6.0,轻微缺口
Pacific St & Ralph Ave,5,0,5,极高需求,轻微缺口
Sterling Pl & Ralph Ave,10,5,5,2.0,轻微缺口
Thomas S. Boyland St & Fulton St,19,14,5,1.36,轻微缺口
Fulton St & Saratoga Ave,20,15,5,1.33,轻微缺口
Bergen St & Buffalo Ave,9,4,5,2.25,轻微缺口
Sterling Pl & Rochester Ave,6,2,4,3.0,轻微缺口
Pacific St & Thomas S. Boyland St,5,1,4,5.0,轻微缺口
Broadway and Berry St,23,19,4,1.21,轻微缺口
Somers St & Broadway,70,66,4,1.06,轻微缺口
Webb Ave & W 190 St,130,127,3,1.02,轻微缺口
Patchen Ave & Bainbridge St,52,49,3,1.06,轻微缺口
Herkimer St & Eastern Pkwy,5,2,3,2.5,轻微缺口
E 65 St & 2 Ave,4084,4081,3,1.0,轻微缺口
20 Ave & 31 St,185,182,3,1.02,轻微缺口
Woodside Ave & Roosevelt Ave,72,69,3,1.04,轻微缺口
Park Pl & Thomas S. Boyland St,3,0,3,极高需求,轻微缺口
Garrison Ave & Manida St,84,81,3,1.04,轻微缺口
Columbus Pl & Atlantic Ave,6,4,2,1.5,轻微缺口
Amsterdam Ave & W 189 St new,3,1,2,3.0,轻微缺口
Van Sinderen Ave & Truxton St,373,371,2,1.01,轻微缺口
Van Dam St & Review Ave,4,3,1,1.33,轻微缺口
Sterling Pl & Schenectady Ave,3,2,1,1.5,轻微缺口
St Marks Ave & Ralph Ave,4,3,1,1.33,轻微缺口
Somers St & Rockaway Ave,22,21,1,1.05,轻微缺口
6 Ave & 60 St,135,134,1,1.01,轻微缺口
College Ave & E 169 St,1,0,1,极高需求,轻微缺口
65 St & 2 Ave,28,27,1,1.04,轻微缺口
St Johns Pl & Utica Ave,22,21,1,1.05,轻微缺口
W 38 St & 9 Ave,77,76,1,1.01,轻微缺口
Pacific St & Rochester Ave,1,0,1,极高需求,轻微缺口
Buffalo Ave & St Johns Pl,1,0,1,极高需求,轻微缺口
Pacific St & Troy Ave,10,9,1,1.11,轻微缺口
Alexander Ave & E 134 St,443,443,0,1.0,轻微过剩
Columbus Drive,0,1,-1,0.0,轻微过剩
20 Ave & 33 St,25,26,-1,0.96,轻微过剩
14 St Ferry - 14 St & Shipyard Ln,0,1,-1,0.0,轻微过剩
57 St & 37 Ave,12,13,-1,0.92,轻微过剩
Hoboken Terminal - River St & Hudson Pl,0,1,-1,0.0,轻微过剩
Marshall St & 2 St,0,1,-1,0.0,轻微过剩
Columbus Dr at Exchange Pl,0,1,-1,0.0,轻微过剩
Jackson Square,0,1,-1,0.0,轻微过剩
Columbus Park - Clinton St & 9 St,0,1,-1,0.0,轻微过剩
Warren St,0,2,-2,0.0,轻微过剩
12 St & Sinatra Dr N,0,2,-2,0.0,轻微过剩
Church Sq Park - 5 St & Park Ave,0,2,-2,0.0,轻微过剩
Greene Av & Myrtle Av,1063,1065,-2,1.0,轻微过剩
Hancock St & Wyckoff Ave,331,333,-2,0.99,轻微过剩
2 Ave & 44 St,1,4,-3,0.25,轻微过剩
Liberty Light Rail,0,3,-3,0.0,轻微过剩
Jerome Ave & W 195 St,258,261,-3,0.99,轻微过剩
Essex Light Rail,0,4,-4,0.0,轻微过剩
Eastern Pkwy & Rochester Ave,9,13,-4,0.69,轻微过剩
JC Medical Center,0,4,-4,0.0,轻微过剩
Skillman Ave & 32 Pl,3,7,-4,0.43,轻微过剩
Morgan Tech Shop parts testing,0,4,-4,0.0,轻微过剩
55 St & Northern Blvd,89,93,-4,0.96,轻微过剩
Pacific St & Utica Ave,14,18,-4,0.78,轻微过剩
21 St & 31 Dr,998,1003,-5,1.0,轻微过剩
Morgan Bike Mechanics,0,5,-5,0.0,轻微过剩
Boerum Pl	& Pacific St,1,6,-5,0.17,轻微过剩
72 St & 41 Ave,79,84,-5,0.94,轻微过剩
Prospect Ave & Greenwood Ave,301,306,-5,0.98,轻微过剩
Charlotte St & Boston Rd,108,114,-6,0.95,轻微过剩
Pier 40 X2,0,6,-6,0.0,轻微过剩
Nassau St	& Duffield St,3,9,-6,0.33,轻微过剩
Kosciuszko St & Nostrand Ave,1568,1575,-7,1.0,轻微过剩
Paulus Hook,0,7,-7,0.0,轻微过剩
9 Ave & W 219 St,9,16,-7,0.56,轻微过剩
10 Ave & W 215 St,125,133,-8,0.94,轻微过剩
Bailey Ave & W 193 St,52,60,-8,0.87,轻微过剩
E 128 St & 3 Ave,98,106,-8,0.92,轻微过剩
Murray St	& West St,0,8,-8,0.0,轻微过剩
3 Ave & E 174 St - Bathgate Vaccination Site,51,59,-8,0.86,轻微过剩
Ralph Ave & Fulton St,31,40,-9,0.78,轻微过剩
42 Pl & Northern Blvd,169,178,-9,0.95,轻微过剩
Newport PATH,0,9,-9,0.0,轻微过剩
Morris Ave & E Burnside Ave,144,154,-10,0.94,轻微过剩
Academy St & Nagle Ave,169,179,-10,0.94,轻微过剩
Vernon Blvd & Queens Plaza S,59,69,-10,0.86,轻微过剩
Van Sinderen Ave & Atlantic Ave,12,23,-11,0.52,轻微过剩
Grand Concourse & E Mosholu Pkwy S,118,129,-11,0.91,轻微过剩
Church St & Thomas St,5,16,-11,0.31,轻微过剩
McGinley Square,0,11,-11,0.0,轻微过剩
Marin Light Rail,0,11,-11,0.0,轻微过剩
Schenectady Ave & Prospect Pl,15,28,-13,0.54,轻微过剩
48 St & 2 Ave,98,111,-13,0.88,轻微过剩
65 St & Broadway,15,28,-13,0.54,轻微过剩
Pleasant Ave & E 120 St,1333,1347,-14,0.99,轻微过剩
49 Ave & 21 St,1759,1773,-14,0.99,轻微过剩
Dyckman St & Staff St,313,327,-14,0.96,轻微过剩
23 Rd & 31 St,220,234,-14,0.94,轻微过剩
2 Ave & 43 St,1,15,-14,0.07,轻微过剩
48 Ave & 37 St,251,266,-15,0.94,轻微过剩
Audubon Ave & Fort George Ave,81,96,-15,0.84,轻微过剩
Clay Ave & E 173 St,215,230,-15,0.93,轻微过剩
Schermerhorn St & Bond St,2524,2540,-16,0.99,轻微过剩
Morgan WH station,1,17,-16,0.06,轻微过剩
9 Ave & W 204 St,9,25,-16,0.36,轻微过剩
Valentine Ave & E 183 St,160,176,-16,0.91,轻微过剩
9 Ave & W 206 St,28,44,-16,0.64,轻微过剩
Greenwood Ave & E 4 St,451,468,-17,0.96,轻微过剩
Willis Ave & E 137 St,754,771,-17,0.98,轻微过剩
47 St & 3 Ave,157,174,-17,0.9,轻微过剩
Freeman St & Southern Blvd,349,367,-18,0.95,轻微过剩
21 St & 36 Ave,637,655,-18,0.97,轻微过剩
64 St & 3 Ave,40,59,-19,0.68,轻微过剩
Jerome Ave & W 193 St,207,227,-20,0.91,轻微过剩
Bushwick Ave & McKibbin St,673,693,-20,0.97,轻微过剩
Bulova Ave & Brooklyn Queens Expressway W,239,260,-21,0.92,轻微过剩
E 174 St & Walton Ave,138,159,-21,0.87,轻微过剩
E 135 St & St Ann's Ave,197,219,-22,0.9,轻微过剩
Broadway & W 122 St,1151,1173,-22,0.98,轻微过剩
Vernon Blvd & 30 Rd,97,120,-23,0.81,轻微过剩
Fulton Ave & E 172 St,228,252,-24,0.9,轻微过剩
7 Ave & 62 St,31,55,-24,0.56,轻微过剩
Washington St,0,24,-24,0.0,轻微过剩
50 St & Northern Blvd,169,193,-24,0.88,轻微过剩
Cedar Ave & W Fordham Rd,134,158,-24,0.85,轻微过剩
Soissons Landing,240,265,-25,0.91,轻微过剩
Harborside,0,25,-25,0.0,轻微过剩
Pioneer St & Richards St,312,338,-26,0.92,轻微过剩
Franklin Ave & E 169 St,614,640,-26,0.96,轻微过剩
Decatur Ave & E 197 St,58,85,-27,0.68,轻微过剩
3 Ave & Franklin Ave,348,376,-28,0.93,轻微过剩
Jerome Ave & W 177 St,103,131,-28,0.79,轻微过剩
Myrtle Ave & Grove St,205,234,-29,0.88,轻微过剩
Inwood Ave & W 170 St,163,192,-29,0.85,轻微过剩
62 St & 4 Ave,96,127,-31,0.76,轻微过剩
Broad St & Water St,6,38,-32,0.16,轻微过剩
10 Ave & W 202 St,47,81,-34,0.58,轻微过剩
Grand Concourse & E 192 St,178,212,-34,0.84,轻微过剩
Dawson St & Intervale Ave,83,117,-34,0.71,轻微过剩
E 167 St & Bryant Ave,152,188,-36,0.81,轻微过剩
Brook Ave & E 138 St,336,372,-36,0.9,轻微过剩
39 St & 47 Ave,293,331,-38,0.89,轻微过剩
Bergen Ave & E 152 St,189,227,-38,0.83,轻微过剩
Sedgwick Ave & Hall of Fame Tce,10,50,-40,0.2,轻微过剩
Hunts Point Ave & Bryant Ave,144,184,-40,0.78,轻微过剩
Ft. Hamilton Pkwy & E 5 St,645,685,-40,0.94,轻微过剩
Henry St & Bay St,269,309,-40,0.87,轻微过剩
E 163 St & Union Ave,520,561,-41,0.93,轻微过剩
54 St & 37 Ave,26,68,-42,0.38,轻微过剩
Lafayette Ave & Stuyvesant Ave,59,101,-42,0.58,轻微过剩
Gerard Ave & E 146 St,195,238,-43,0.82,轻微过剩
Jerome Ave & E Mosholu Parkway S,278,321,-43,0.87,轻微过剩
Church Ave & Story St,287,330,-43,0.87,轻微过剩
Morgan Ave & Maspeth Ave,509,553,-44,0.92,轻微过剩
Riverside Dr & Broadway,163,207,-44,0.79,轻微过剩
Morgan Loading Docks,0,44,-44,0.0,轻微过剩
Broadway & W 165 St,369,414,-45,0.89,轻微过剩
Paul Ave & Mosholu Pkwy,57,104,-47,0.55,轻微过剩
12 Ave & 36 St,294,341,-47,0.86,轻微过剩
Linden St & Knickerbocker Ave,318,367,-49,0.87,轻微过剩
41 St & 3 Ave,105,155,-50,0.68,轻微过剩
61 St & Woodside Ave,108,158,-50,0.68,轻微过剩
St. Ann's Av & Bruckner Blvd,430,480,-50,0.9,轻微过剩
E 15 St & 3 Ave,6561,6612,-51,0.99,严重过剩
E 157 St & River Ave,218,270,-52,0.81,严重过剩
Union St & Nevins St,1163,1217,-54,0.96,严重过剩
31 St & Astoria Blvd,1021,1077,-56,0.95,严重过剩
Washington Ave & E 163 St,524,581,-57,0.9,严重过剩
3 Ave & 17 St,148,206,-58,0.72,严重过剩
E 76 St & Park Ave,4819,4877,-58,0.99,严重过剩
4 Ave & 17 St,778,836,-58,0.93,严重过剩
12 St & 4 Ave,1332,1390,-58,0.96,严重过剩
Walton Ave & E 153 St,289,347,-58,0.83,严重过剩
34 St & 5 Ave,252,311,-59,0.81,严重过剩
Barry St & Tiffany St,38,97,-59,0.39,严重过剩
Southern Blvd & E 142 St,70,130,-60,0.54,严重过剩
Court St & State St,3474,3534,-60,0.98,严重过剩
53 St & 2 Ave,341,402,-61,0.85,严重过剩
Washington Ave & E 174 St,78,140,-62,0.56,严重过剩
Andrew Ave N & Hall of Fame Tce,64,126,-62,0.51,严重过剩
E 134 St & Walnut Ave,47,110,-63,0.43,严重过剩
West Farms Rd & Boone Ave,61,125,-64,0.49,严重过剩
Anthony Ave & E 175 St,230,295,-65,0.78,严重过剩
Smith St & 9 St,1945,2010,-65,0.97,严重过剩
Beaver St & Fayette St,1676,1742,-66,0.96,严重过剩
Amsterdam Ave & W 183 St,240,306,-66,0.78,严重过剩
Picnic Point,41,107,-66,0.38,严重过剩
Yankee Ferry Terminal,114,181,-67,0.63,严重过剩
State St & Smith St,2100,2167,-67,0.97,严重过剩
Jerome Ave & W Fordham Rd,294,362,-68,0.81,严重过剩
Clay Ave & Claremont Pkwy,215,285,-70,0.75,严重过剩
49 St & 25 Ave,307,380,-73,0.81,严重过剩
Skillman Ave & Honeywell St,107,185,-78,0.58,严重过剩
Melrose Ave & E 150 St,1614,1692,-78,0.95,严重过剩
W Mosholu Pkwy S & Sedgwick Ave,110,190,-80,0.58,严重过剩
Bedford Park Blvd & Paul Ave,113,193,-80,0.59,严重过剩
E 138 St & Canal St W,111,191,-80,0.58,严重过剩
Bainbridge Ave & E 193 St,102,183,-81,0.56,严重过剩
Schermerhorn St & Hoyt St,828,909,-81,0.91,严重过剩
St. Nicholas Terrace & Convent Ave,810,892,-82,0.91,严重过剩
5 St & 51 Ave,825,907,-82,0.91,严重过剩
3 Ave & E 163 St,359,442,-83,0.81,严重过剩
Clinton St & Tillary St,3108,3192,-84,0.97,严重过剩
E 160 St & Tinton Ave,216,300,-84,0.72,严重过剩
Southpoint Park,132,217,-85,0.61,严重过剩
Morton St & West St,853,939,-86,0.91,严重过剩
Plaza Dr & W 170 St,515,601,-86,0.86,严重过剩
2 Ave & 39 St,22,110,-88,0.2,严重过剩
Lexington Ave & E 128 St,400,489,-89,0.82,严重过剩
Lafayette Ave & Hunts Point Ave,215,304,-89,0.71,严重过剩
4 Ave & 26 St,442,532,-90,0.83,严重过剩
Pier 40 Dock Station,0,91,-91,0.0,严重过剩
Myrtle Ave & Lewis Ave,1350,1441,-91,0.94,严重过剩
E 1 St & Bowery,817,911,-94,0.9,严重过剩
57 St & 1 Ave - Brooklyn Army Terminal Vaccination Site,31,126,-95,0.25,严重过剩
Fulton St & Pearl St,145,240,-95,0.6,严重过剩
W 18 St & 9 Ave,1245,1341,-96,0.93,严重过剩
Lenox Ave & W 133 St,1472,1568,-96,0.94,严重过剩
Faile St & Garrison Ave,24,120,-96,0.2,严重过剩
Edgecombe Ave & W 145 St,1161,1258,-97,0.92,严重过剩
River Ave & E 153 St,186,283,-97,0.66,严重过剩
Willow Ave & E 133 St,183,280,-97,0.65,严重过剩
Boone Ave & E 172 St,226,324,-98,0.7,严重过剩
44 St & 2 Ave,114,212,-98,0.54,严重过剩
67 St & Erik Pl,122,220,-98,0.55,严重过剩
10 St & 5 Ave,1161,1260,-99,0.92,严重过剩
W Burnside Ave & University Ave,293,392,-99,0.75,严重过剩
Roosevelt Island Tramway,877,977,-100,0.9,严重过剩
38 St & Northern Blvd,509,609,-100,0.84,严重过剩
Devoe St & Lorimer St,2300,2400,-100,0.96,严重过剩
Washington St & Gansevoort St,7350,7450,-100,0.99,严重过剩
Brook Ave & E 148 St,299,402,-103,0.74,严重过剩
Grand Concourse & E 156 St,390,493,-103,0.79,严重过剩
N 15 St & Wythe Ave,1595,1699,-104,0.94,严重过剩
36 St & Hunters Point Ave,152,256,-104,0.59,严重过剩
3 Ave & E 174 St,217,324,-107,0.67,严重过剩
W 204 St & Nagle Ave,205,312,-107,0.66,严重过剩
Gramercy Park N & Gramercy Park E,1184,1293,-109,0.92,严重过剩
Knickerbocker Ave & Thames St,609,719,-110,0.85,严重过剩
Commerce St & Van Brunt St,782,893,-111,0.88,严重过剩
Keegan Rd & 2 Ave,10,121,-111,0.08,严重过剩
Rogers Pl & E 165 St,122,235,-113,0.52,严重过剩
Myrtle Ave & Linden St,202,317,-115,0.64,严重过剩
W 133 St & 12 Ave,585,701,-116,0.83,严重过剩
E 138 St & Willow Ave,182,300,-118,0.61,严重过剩
Vernon Blvd & 41 Rd,315,435,-120,0.72,严重过剩
Home St & Westchester Ave,371,493,-122,0.75,严重过剩
Coffey St & Ferris St,298,421,-123,0.71,严重过剩
Vernon Blvd & 47 Rd,1082,1206,-124,0.9,严重过剩
St James Pl & Pearl St,2138,2262,-124,0.95,严重过剩
57 St & 1 Ave,155,280,-125,0.55,严重过剩
10 St & 7 Ave,2770,2896,-126,0.96,严重过剩
Audubon Ave & W 192 St,225,354,-129,0.64,严重过剩
Southern Blvd & E 174 St,398,528,-130,0.75,严重过剩
Bridge St & York St,724,856,-132,0.85,严重过剩
10 Ave & W 204 St,81,213,-132,0.38,严重过剩
Main St & Plymouth St,104,236,-132,0.44,严重过剩
Prospect Ave & E 167 St,182,316,-134,0.58,严重过剩
Chauncey St & Stuyvesant Ave,115,250,-135,0.46,严重过剩
44 St & 3 Ave,161,297,-136,0.54,严重过剩
Dyckman St & 10 Ave,111,250,-139,0.44,严重过剩
St Nicholas Ave & W 137 St,1002,1142,-140,0.88,严重过剩
Bradley Ave & Greenpoint Ave,151,293,-142,0.52,严重过剩
Columbia St & Lorraine St,160,302,-142,0.53,严重过剩
Amsterdam Ave & W 125 St,1599,1741,-142,0.92,严重过剩
E 174 St & Longfellow Ave,242,385,-143,0.63,严重过剩
E 147 St & Bergen Ave,397,544,-147,0.73,严重过剩
Pioneer St & Van Brunt St,807,956,-149,0.84,严重过剩
10 Ave & W 207 St,276,427,-151,0.65,严重过剩
30 St & 4 Ave,399,550,-151,0.73,严重过剩
52 St & 1 Ave,37,193,-156,0.19,严重过剩
Madison Ave & E 82 St,3042,3199,-157,0.95,严重过剩
E 138 St & Park Ave,369,526,-157,0.7,严重过剩
8 Ave & W 38 St,10856,11014,-158,0.99,严重过剩
E 161 St & Park Ave,570,728,-158,0.78,严重过剩
Albee Square W & Fulton St,239,397,-158,0.6,严重过剩
33 St & 47 Ave,225,383,-158,0.59,严重过剩
Lexington Ave & E 111 St,2715,2874,-159,0.94,严重过剩
Vernon Blvd & 10 St,404,564,-160,0.72,严重过剩
Morris Ave & E 171 St,161,322,-161,0.5,严重过剩
Ft. Hamilton Pkwy & E 2 St,554,719,-165,0.77,严重过剩
Peck Slip & South St,1079,1245,-166,0.87,严重过剩
Van Dam St & Greenpoint Ave,198,365,-167,0.54,严重过剩
Forsyth St & Grand St,1047,1215,-168,0.86,严重过剩
Hart St & Wyckoff Ave,249,418,-169,0.6,严重过剩
E 150 St & Gerard Ave,186,355,-169,0.52,严重过剩
Pearl St & York St,133,306,-173,0.43,严重过剩
24 St & 41 Ave,922,1096,-174,0.84,严重过剩
Sunken Meadow Comfort Station,188,363,-175,0.52,严重过剩
Brook Ave & E 141 St,284,462,-178,0.61,严重过剩
Dwight St & Van Dyke St,269,451,-182,0.6,严重过剩
3 Ave & Carroll St,1048,1230,-182,0.85,严重过剩
Broadway & 49 St,217,404,-187,0.54,严重过剩
36 St & 47 Ave,108,296,-188,0.36,严重过剩
58 St & 2 Ave,106,301,-195,0.35,严重过剩
Washington Ave & E 167 St,296,492,-196,0.6,严重过剩
W 225 St & Exterior St,366,563,-197,0.65,严重过剩
Concourse Village West & E 156 St,417,617,-200,0.68,严重过剩
Bay St & Court St,198,399,-201,0.5,严重过剩
E 156 & Brook Ave,446,647,-201,0.69,严重过剩
St. Nicholas Ave & W 126 St,3776,3978,-202,0.95,严重过剩
Morningside Ave & W 123 St,2195,2397,-202,0.92,严重过剩
31 St & Northern Blvd,1010,1213,-203,0.83,严重过剩
White St & Johnson Ave,163,375,-212,0.43,严重过剩
36 Ave & 31 St,971,1184,-213,0.82,严重过剩
3 Ave & Schermerhorn St,1789,2003,-214,0.89,严重过剩
Stanton St & Chrystie St,3256,3472,-216,0.94,严重过剩
E 1 St & 1 Ave,7664,7882,-218,0.97,严重过剩
58 St & 2 Ave - Brooklyn Army Terminal Vaccination Site,28,246,-218,0.11,严重过剩
W 135 St & Lenox Terrace Pl,773,991,-218,0.78,严重过剩
Broadway & Whipple St,1198,1418,-220,0.84,严重过剩
Morris Ave & E 153 St,199,419,-220,0.47,严重过剩
Adam Clayton Powell Blvd & W 151 St,1120,1342,-222,0.83,严重过剩
E 188 St & Creston Ave,194,418,-224,0.46,严重过剩
5 Ave & 37 St,270,495,-225,0.55,严重过剩
Borden Ave & Review Ave,48,273,-225,0.18,严重过剩
31 Pl & Hunters Point Ave,36,266,-230,0.14,严重过剩
E 161 St & River Ave,886,1120,-234,0.79,严重过剩
Richards St & Delavan St,510,748,-238,0.68,严重过剩
John St & William St,2619,2868,-249,0.91,严重过剩
Willis Ave & E 143 St,653,907,-254,0.72,严重过剩
2 Av & 37 St,48,304,-256,0.16,严重过剩
Jefferson St & Cypress Ave,451,710,-259,0.64,严重过剩
Steinway St & 19 Ave,112,381,-269,0.29,严重过剩
W 40 St & 7 Ave,1980,2256,-276,0.88,严重过剩
24 St & 38 Ave,934,1213,-279,0.77,严重过剩
Ashland Pl & Dekalb Ave,1449,1733,-284,0.84,严重过剩
Brook Ave & E 157 St,331,621,-290,0.53,严重过剩
39 St & 2 Ave,95,386,-291,0.25,严重过剩
Division St & Bowery,4083,4374,-291,0.93,严重过剩
Watts St & Greenwich St,3598,3890,-292,0.92,严重过剩
49 St & 31 Ave,442,735,-293,0.6,严重过剩
Front St & Gold St,1354,1648,-294,0.82,严重过剩
Skillman Ave & 43 Ave,337,632,-295,0.53,严重过剩
Norman St & Wyckoff Ave,396,692,-296,0.57,严重过剩
St Mary's St & Jackson Ave,382,682,-300,0.56,严重过剩
Pearl St & Peck Slip,1253,1553,-300,0.81,严重过剩
Wilson Ave & Moffat St,306,612,-306,0.5,严重过剩
Broadway & W 220 St,266,574,-308,0.46,严重过剩
E 72 St & Park Ave,2841,3151,-310,0.9,严重过剩
47 Ave & Skillman Ave,126,441,-315,0.29,严重过剩
Adam Clayton Powell Blvd & W 126 St,2388,2705,-317,0.88,严重过剩
Duane St & Hudson St,1815,2133,-318,0.85,严重过剩
Van Brunt St & Van Dyke St,955,1274,-319,0.75,严重过剩
27 St & Hunter St,1467,1787,-320,0.82,严重过剩
White St & Moore St,745,1065,-320,0.7,严重过剩
Frost St & Debevoise Ave,297,621,-324,0.48,严重过剩
Church St & Worth St,596,922,-326,0.65,严重过剩
Brooklyn Bridge Park - Pier 2,911,1240,-329,0.73,严重过剩
5 Ave & E 87 St,3906,4235,-329,0.92,严重过剩
Greenwich Ave & 8 Ave,6725,7055,-330,0.95,严重过剩
Irving Ave & Palmetto St,379,712,-333,0.53,严重过剩
Cadman Plaza E & Red Cross Pl,2104,2437,-333,0.86,严重过剩
Sheridan Ave & E 172 St,361,696,-335,0.52,严重过剩
42 St & 1 Ave,55,395,-340,0.14,严重过剩
34 St & 4 Ave,283,624,-341,0.45,严重过剩
Union Ave & Wallabout St,1224,1566,-342,0.78,严重过剩
Goulden Ave & Bedford Park Blvd W,37,383,-346,0.1,严重过剩
40 Ave & Crescent St,713,1059,-346,0.67,严重过剩
W 35 St & 8 Ave,2502,2853,-351,0.88,严重过剩
Jackson Ave & 46 Rd,1551,1902,-351,0.82,严重过剩
Greenwich St & Rector St,989,1341,-352,0.74,严重过剩
E 138 St & Grand Concourse,243,603,-360,0.4,严重过剩
Kenmare St & Elizabeth St,3013,3373,-360,0.89,严重过剩
Wales Ave & E 147 St,229,589,-360,0.39,严重过剩
W 116 St & Broadway,2172,2535,-363,0.86,严重过剩
Goulden Ave & W 205 St,98,462,-364,0.21,严重过剩
31 St & Broadway,2521,2885,-364,0.87,严重过剩
Walnut Ave & E 136 St,56,421,-365,0.13,严重过剩
3 St & Hoyt St,946,1314,-368,0.72,严重过剩
E 35 St & Madison Ave,2019,2395,-376,0.84,严重过剩
Bond St & Fulton St,1104,1487,-383,0.74,严重过剩
Morris Ave & E 142 St,477,862,-385,0.55,严重过剩
35 Ave & 37 St,670,1058,-388,0.63,严重过剩
Paul Ave & W 205 St,74,463,-389,0.16,严重过剩
34 St & 48 Ave,52,445,-393,0.12,严重过剩
Park Ave & E 124 St,7891,8284,-393,0.95,严重过剩
E 103 St & Lexington Ave,1741,2134,-393,0.82,严重过剩
Grand Concourse & E 161 St,885,1280,-395,0.69,严重过剩
Old Fulton St,973,1377,-404,0.71,严重过剩
Harrison Pl & Porter Ave,192,600,-408,0.32,严重过剩
Mercer St & Bleecker St,4805,5219,-414,0.92,严重过剩
Lenox Ave & W 126 St,2401,2818,-417,0.85,严重过剩
2 Ave & 32 St,45,464,-419,0.1,严重过剩
W 165 St & Fort Washington Ave,785,1205,-420,0.65,严重过剩
34 Ave & 38 St,1054,1474,-420,0.72,严重过剩
Bedford Ave & Nassau Ave,2988,3416,-428,0.87,严重过剩
2 Ave & E 96 St,5064,5492,-428,0.92,严重过剩
Bergen St & Smith St,3722,4155,-433,0.9,严重过剩
Stanton St & Mangin St,2066,2501,-435,0.83,严重过剩
Lexington Ave & E 127 St,688,1124,-436,0.61,严重过剩
Grand St & Elizabeth St,5831,6273,-442,0.93,严重过剩
Flushing Ave & Woodward Ave,449,894,-445,0.5,严重过剩
E Fordham Rd & Webster Ave,586,1035,-449,0.57,严重过剩
Great Jones St,7098,7548,-450,0.94,严重过剩
Roebling St & N 4 St,2221,2673,-452,0.83,严重过剩
58 St & Pier 4,153,607,-454,0.25,严重过剩
Sigourney St & Columbia St,441,899,-458,0.49,严重过剩
Warren St & Smith St,1670,2133,-463,0.78,严重过剩
4 Ave & 9 St,2070,2536,-466,0.82,严重过剩
Fulton St & William St,3508,3980,-472,0.88,严重过剩
Tompkins Ave & Hopkins St,600,1072,-472,0.56,严重过剩
E 25 St & 2 Ave,8117,8591,-474,0.94,严重过剩
E 43 St & 2 Ave,1494,1968,-474,0.76,严重过剩
Bergen St & 4 Ave,2145,2625,-480,0.82,严重过剩
River Ave & E 151 St,504,987,-483,0.51,严重过剩
Whitehall St & Bridge St,64,552,-488,0.12,严重过剩
E 149 St & Park Ave,443,935,-492,0.47,严重过剩
Milton St & Franklin St,4003,4497,-494,0.89,严重过剩
Hudson Blvd E & W 36 St,2215,2712,-497,0.82,严重过剩
Stewart Ave & Johnson Ave,131,629,-498,0.21,严重过剩
Calyer St & Jewel St,1535,2034,-499,0.75,严重过剩
Park Ave & Marcus Garvey Blvd,1284,1783,-499,0.72,严重过剩
10 St & 2 Ave,640,1143,-503,0.56,严重过剩
45 Rd & 11 St,1214,1720,-506,0.71,严重过剩
Metropolitan Ave & Vandervoort Ave,55,566,-511,0.1,严重过剩
6 St & 7 Ave,2907,3419,-512,0.85,严重过剩
Hudson St & N Moore St,469,982,-513,0.48,严重过剩
Mott St & Prince St,5099,5613,-514,0.91,严重过剩
South St & Gouverneur Ln,5415,5932,-517,0.91,严重过剩
Washington Ave & Park Ave,3319,3843,-524,0.86,严重过剩
Tiebout Ave & E Fordham Road,268,795,-527,0.34,严重过剩
36 St & Queens Blvd,205,733,-528,0.28,严重过剩
E 149 St & Eagle Ave,225,760,-535,0.3,严重过剩
Courtlandt Ave & E 149 St,485,1020,-535,0.48,严重过剩
Metropolitan Ave & Meeker Ave,1792,2328,-536,0.77,严重过剩
W 34 St & Hudson Blvd E,937,1475,-538,0.64,严重过剩
Bronx Shore Comfort Station,126,670,-544,0.19,严重过剩
34 St & 38 Ave,466,1012,-546,0.46,严重过剩
E 5 St & Cooper Sq,3368,3914,-546,0.86,严重过剩
Steinway St & Broadway,2142,2709,-567,0.79,严重过剩
Liberty St & Broadway,467,1034,-567,0.45,严重过剩
Pier 40 - Hudson River Park,5105,5673,-568,0.9,严重过剩
3 St & 3 Ave,966,1554,-588,0.62,严重过剩
Metropolitan Ave & Stewart Ave,84,674,-590,0.12,严重过剩
9 St & 44 Rd,455,1069,-614,0.43,严重过剩
Willoughby Ave & Wyckoff Ave,437,1056,-619,0.41,严重过剩
Broadway & W 168 St,953,1577,-624,0.6,严重过剩
E 123 St & Lexington Ave,1426,2053,-627,0.69,严重过剩
Nassau St & Navy St,1074,1705,-631,0.63,严重过剩
Icahn Stadium,456,1095,-639,0.42,严重过剩
30 St & 48 Ave,24,665,-641,0.04,严重过剩
E 55 St & 2 Ave,6155,6797,-642,0.91,严重过剩
E 97 St & Madison Ave,4239,4881,-642,0.87,严重过剩
Hudson St & Reade St,4596,5253,-657,0.87,严重过剩
Stagg St & Morgan Ave,349,1008,-659,0.35,严重过剩
3 Ave & E 172 St,476,1138,-662,0.42,严重过剩
Railroad Ave & Kay Ave,44,709,-665,0.06,严重过剩
E 68 St & Madison Ave,1827,2494,-667,0.73,严重过剩
Maiden Ln & Pearl St,2329,3002,-673,0.78,严重过剩
Waterbury St & Stagg St,492,1171,-679,0.42,严重过剩
Pleasant Ave & E 116 St,1707,2391,-684,0.71,严重过剩
W 29 St & 9 Ave,7025,7714,-689,0.91,严重过剩
36 St & 4 Ave,1021,1717,-696,0.59,严重过剩
Cadman Plaza E & Tillary St,1651,2348,-697,0.7,严重过剩
W 36 St & 7 Ave,4334,5073,-739,0.85,严重过剩
Forsyth St\t& Grand St,4819,5576,-757,0.86,严重过剩
4 Ave & E 12 St,6373,7130,-757,0.89,严重过剩
21 St & Queens Plaza North,1395,2158,-763,0.65,严重过剩
Douglass St & 3 Ave,2658,3424,-766,0.78,严重过剩
Broadway & W 56 St,9438,10206,-768,0.92,严重过剩
Forsyth St & Canal St,3051,3834,-783,0.8,严重过剩
E 67 St & Park Ave,2007,2791,-784,0.72,严重过剩
Graham Ave & Conselyea St,3235,4020,-785,0.8,严重过剩
Duffield St & Willoughby St,3061,3857,-796,0.79,严重过剩
Devoe St & Morgan Ave,316,1112,-796,0.28,严重过剩
28 St & 41 Ave,1633,2433,-800,0.67,严重过剩
W 120 St & Claremont Ave,1699,2507,-808,0.68,严重过剩
11 St & 43 Ave,511,1327,-816,0.39,严重过剩
44 Dr & Jackson Ave,2305,3125,-820,0.74,严重过剩
Cliff St & Fulton St,3420,4246,-826,0.81,严重过剩
Albany St & Greenwich St,3284,4111,-827,0.8,严重过剩
West St & Liberty St,9820,10649,-829,0.92,严重过剩
Macon St & Nostrand Ave,2516,3351,-835,0.75,严重过剩
Metropolitan Ave & Bedford Ave,5334,6181,-847,0.86,严重过剩
N 12 St & Bedford Ave,3233,4086,-853,0.79,严重过剩
Wyckoff Av & Jefferson St,475,1335,-860,0.36,严重过剩
St Ann's Ave & Westchester Ave,298,1172,-874,0.25,严重过剩
Bayard St & Baxter St,2597,3475,-878,0.75,严重过剩
31 St & Hoyt Ave N,916,1797,-881,0.51,严重过剩
Convent Ave & W 135 St,1201,2082,-881,0.58,严重过剩
E 72 St & York Ave,12084,12988,-904,0.93,严重过剩
Atlantic Ave & Fort Greene Pl,2131,3057,-926,0.7,严重过剩
South St & Broad St,118,1046,-928,0.11,严重过剩
Schermerhorn St & Court St,2090,3040,-950,0.69,严重过剩
45 Ave & 21 St,2175,3140,-965,0.69,严重过剩
Amsterdam Ave & W 119 St,1668,2652,-984,0.63,严重过剩
Gansevoort St & Hudson St,3258,4245,-987,0.77,严重过剩
2 Ave & 36 St,38,1033,-995,0.04,严重过剩
E 51 St & 2 Ave,4518,5517,-999,0.82,严重过剩
Dock St & Front St,881,1886,-1005,0.47,严重过剩
7 Ave & Central Park South,7729,8735,-1006,0.88,严重过剩
Sands St & Jay St,2904,3912,-1008,0.74,严重过剩
Front St & Washington St,1545,2554,-1009,0.6,严重过剩
Water St & Gouverneur Ln,1960,2972,-1012,0.66,严重过剩
E 149 St & Morris Ave,827,1855,-1028,0.45,严重过剩
Wyckoff Av & Stanhope St,1300,2339,-1039,0.56,严重过剩
7 St & 3 Ave,938,1982,-1044,0.47,严重过剩
E 53 St & 3 Ave,929,1976,-1047,0.47,严重过剩
N 11 St & Kent Ave,1468,2530,-1062,0.58,严重过剩
5 Ave & E 78 St,3576,4646,-1070,0.77,严重过剩
31 St & Ditmars Blvd,1064,2142,-1078,0.5,严重过剩
Wyckoff Ave & Gates Ave,1202,2321,-1119,0.52,严重过剩
21 St & 43 Ave,630,1751,-1121,0.36,严重过剩
Murray St\t& West St,1342,2473,-1131,0.54,严重过剩
E 66 St & Madison Ave,1234,2367,-1133,0.52,严重过剩
Adams St & Prospect St,1275,2409,-1134,0.53,严重过剩
Vesey Pl & River Terrace,8199,9370,-1171,0.88,严重过剩
McKibbin St & Bogart St,777,1953,-1176,0.4,严重过剩
Water St &  Fletcher St,2287,3509,-1222,0.65,严重过剩
Sands St Gate,1209,2435,-1226,0.5,严重过剩
Spruce St & Gold St,1198,2464,-1266,0.49,严重过剩
Barclay St & Church St,1676,2957,-1281,0.57,严重过剩
48 Ave & 31 St,143,1438,-1295,0.1,严重过剩
Broadway & W 48 St,1121,2430,-1309,0.46,严重过剩
Murray St & West St,1088,2406,-1318,0.45,严重过剩
E 102 St & Park Ave,1238,2558,-1320,0.48,严重过剩
Bleecker St & Crosby St,6763,8085,-1322,0.84,严重过剩
W Broadway & W Houston St,2369,3693,-1324,0.64,严重过剩
Broadway & W 131 St,772,2097,-1325,0.37,严重过剩
Broadway & W 37 St,2914,4256,-1342,0.68,严重过剩
King St & Varick St,3012,4355,-1343,0.69,严重过剩
W 168th S & Fort Washington Ave,1624,2975,-1351,0.55,严重过剩
Wythe Ave & Metropolitan Ave,6435,7797,-1362,0.83,严重过剩
Grand Concourse & E 144 St,458,1836,-1378,0.25,严重过剩
Bridge St & Water St,1774,3158,-1384,0.56,严重过剩
Madison Ave & E 99 St,3584,4990,-1406,0.72,严重过剩
Kent Ave & N 7 St,5039,6447,-1408,0.78,严重过剩
Leonard St & Church St,4356,5790,-1434,0.75,严重过剩
Queens Plaza North & Crescent St,4274,5717,-1443,0.75,严重过剩
7 Ave & Park Pl,5155,6598,-1443,0.78,严重过剩
W Broadway & Spring St,2460,3912,-1452,0.63,严重过剩
36 St & 3 Ave,215,1673,-1458,0.13,严重过剩
12 Ave & W 125 St,1970,3433,-1463,0.57,严重过剩
Harrison St & Hudson St,1439,2906,-1467,0.5,严重过剩
Walker St & Baxter St,1613,3095,-1482,0.52,严重过剩
W 116 St & Amsterdam Ave,2752,4235,-1483,0.65,严重过剩
William St & Pine St,3466,4950,-1484,0.7,严重过剩
Warren St & W Broadway,2608,4098,-1490,0.64,严重过剩
10 Ave & W 28 St,8545,10036,-1491,0.85,严重过剩
5 Ave & E 72 St,5358,6856,-1498,0.78,严重过剩
Spruce St & Nassau St,3912,5418,-1506,0.72,严重过剩
E 98 St & Park Ave,1268,2789,-1521,0.45,严重过剩
W 37 St & Broadway,1230,2755,-1525,0.45,严重过剩
Broadway & W 36 St,4552,6113,-1561,0.74,严重过剩
Sullivan St & Washington Sq,3453,5019,-1566,0.69,严重过剩
Plaza St West & Flatbush Ave,3541,5111,-1570,0.69,严重过剩
Laight St & Hudson St,743,2331,-1588,0.32,严重过剩
6 Ave & Walker St,2474,4071,-1597,0.61,严重过剩
Carlton Ave & Flushing Ave,1373,2988,-1615,0.46,严重过剩
Lexington Ave & E 24 St,7965,9609,-1644,0.83,严重过剩
Bus Slip & State St,1331,2977,-1646,0.45,严重过剩
University Pl & E 8 St,5118,6767,-1649,0.76,严重过剩
Washington St & Laight St,1653,3315,-1662,0.5,严重过剩
Franklin St & W Broadway,2060,3746,-1686,0.55,严重过剩
48 St & Broadway,711,2415,-1704,0.29,严重过剩
Lafayette Ave & Ft Greene Pl,3425,5150,-1725,0.67,严重过剩
Front St & Jay St,2113,3841,-1728,0.55,严重过剩
Pearl St & Hanover Square,1843,3579,-1736,0.51,严重过剩
Park Pl & Church St,2489,4250,-1761,0.59,严重过剩
Water St & Main St,1807,3582,-1775,0.5,严重过剩
Jay St & York St,3151,4936,-1785,0.64,严重过剩
Broadway & W 53 St,8921,10733,-1812,0.83,严重过剩
South St & Whitehall St,3295,5136,-1841,0.64,严重过剩
River Ter & Warren St,1769,3612,-1843,0.49,严重过剩
MacDougal St & Prince St,5753,7622,-1869,0.75,严重过剩
Clinton Ave & Flushing Ave,1775,3660,-1885,0.48,严重过剩
N Moore St & Hudson St,1234,3125,-1891,0.39,严重过剩
Greene St & Prince St,1180,3076,-1896,0.38,严重过剩
LaGuardia Pl & W 3 St,4260,6171,-1911,0.69,严重过剩
Murray St & Greenwich St,3828,5764,-1936,0.66,严重过剩
3 Ave & E 62 St,4821,6778,-1957,0.71,严重过剩
DeKalb Ave & Hudson Ave,2441,4472,-2031,0.55,严重过剩
West Broadway & Watts St,1292,3343,-2051,0.39,严重过剩
31 St & 23 Ave,1737,3796,-2059,0.46,严重过剩
Washington Pl & Broadway,3891,5956,-2065,0.65,严重过剩
E 32 St & Park Ave,7177,9315,-2138,0.77,严重过剩
W 17 St & 8 Ave,5209,7355,-2146,0.71,严重过剩
Jay St & Tech Pl,2848,5010,-2162,0.57,严重过剩
Driggs Ave & N 9 St,3704,5889,-2185,0.63,严重过剩
W 35 St & 9 Ave,5911,8110,-2199,0.73,严重过剩
31 St & Newtown Ave,2588,4797,-2209,0.54,严重过剩
E 44 St & 2 Ave,4787,7002,-2215,0.68,严重过剩
Greenwich St & W Houston St,4340,6570,-2230,0.66,严重过剩
E 39 St & Lexington Ave,6642,8881,-2239,0.75,严重过剩
Berry St & N 8 St,3313,5593,-2280,0.59,严重过剩
Grand St & Greene St,1894,4174,-2280,0.45,严重过剩
Howard St & Lafayette St,2845,5126,-2281,0.56,严重过剩
Broadway & W 29 St,9251,11549,-2298,0.8,严重过剩
Flushing Ave & Vanderbilt Ave,3419,5753,-2334,0.59,严重过剩
Willoughby St & Fleet St,2817,5177,-2360,0.54,严重过剩
Hudson St & W 13 St,2984,5350,-2366,0.56,严重过剩
47 Ave & 31 St,318,2710,-2392,0.12,严重过剩
31 St & Thomson Ave,340,2737,-2397,0.12,严重过剩
Liberty St & Nassau St,2473,4885,-2412,0.51,严重过剩
E 30 St & Park Ave S,6967,9382,-2415,0.74,严重过剩
Montague St & Clinton St,3378,5841,-2463,0.58,严重过剩
5 Ave & E 29 St,4408,6914,-2506,0.64,严重过剩
E 25 St & 1 Ave,6706,9248,-2542,0.73,严重过剩
Spring St & Hudson St,4522,7082,-2560,0.64,严重过剩
E 48 St & 5 Ave,4266,6875,-2609,0.62,严重过剩
W 13 St & 5 Ave,6959,9595,-2636,0.73,严重过剩
Mercer St & Spring St,2040,4706,-2666,0.43,严重过剩
5 Ave & E 63 St,2546,5241,-2695,0.49,严重过剩
9 Ave & W 18 St,6201,8935,-2734,0.69,严重过剩
E 16 St & Irving Pl,6309,9071,-2762,0.7,严重过剩
Clinton St & Joralemon St,4224,7008,-2784,0.6,严重过剩
Cleveland Pl & Spring St,6984,9827,-2843,0.71,严重过剩
W 25 St & 6 Ave,8983,11845,-2862,0.76,严重过剩
11 Ave & W 27 St,5935,8805,-2870,0.67,严重过剩
Broadway & Morris St,1411,4293,-2882,0.33,严重过剩
E 47 St & 1 Ave,3013,5989,-2976,0.5,严重过剩
6 Ave & Broome St,3675,6678,-3003,0.55,严重过剩
Centre St & Chambers St,4293,7298,-3005,0.59,严重过剩
West St & Chambers St,11545,14554,-3009,0.79,严重过剩
W 27 St & 7 Ave,9672,12704,-3032,0.76,严重过剩
Lispenard St & Broadway,3499,6534,-3035,0.54,严重过剩
Broadway & Battery Pl,2656,5750,-3094,0.46,严重过剩
W 15 St & 10 Ave,1883,5008,-3125,0.38,严重过剩
E 41 St & Madison Ave (SE corner),6508,9638,-3130,0.68,严重过剩
6 Ave & Canal St,1889,5036,-3147,0.38,严重过剩
N 6 St & Bedford Ave,4323,7562,-3239,0.57,严重过剩
5 Ave & E 103 St,4537,7778,-3241,0.58,严重过剩
Lawrence St & Willoughby St,3236,6502,-3266,0.5,严重过剩
Reade St & Broadway,2600,5899,-3299,0.44,严重过剩
W 16 St & The High Line,6259,9566,-3307,0.65,严重过剩
E 40 St & Park Ave,16629,19947,-3318,0.83,严重过剩
W 34 St &\tHudson Blvd E,4309,7651,-3342,0.56,严重过剩
W 37 St & 5 Ave,4207,7653,-3446,0.55,严重过剩
W 26 St & 10 Ave,6771,10223,-3452,0.66,严重过剩
Lafayette St & Jersey St,4915,8405,-3490,0.58,严重过剩
E 58 St & 3 Ave,4773,8304,-3531,0.57,严重过剩
Broad St & Bridge St,1321,4920,-3599,0.27,严重过剩
E 41 St & Madison Ave (SW corner),7067,10670,-3603,0.66,严重过剩
W 30 St & 10 Ave,7658,11265,-3607,0.68,严重过剩
University Pl & E 14 St,8915,12681,-3766,0.7,严重过剩
1 Ave & E 30 St,7532,11423,-3891,0.66,严重过剩
E 17 St & Broadway,4955,8940,-3985,0.55,严重过剩
Vesey St & Church St,9744,13762,-4018,0.71,严重过剩
E 20 St & Park Ave,5809,9835,-4026,0.59,严重过剩
10 Ave & W 14 St,3255,7342,-4087,0.44,严重过剩
Central Park S & 6 Ave,5680,9820,-4140,0.58,严重过剩
W 56 St & 6 Ave,3776,7951,-4175,0.47,严重过剩
W 33 St & 10 Ave,2872,7060,-4188,0.41,严重过剩
Broadway & E 19 St,5234,9427,-4193,0.56,严重过剩
Fulton St & Adams St,4878,9200,-4322,0.53,严重过剩
8 Ave & W 16 St,10140,14516,-4376,0.7,严重过剩
Broadway & W 41 St,10576,15014,-4438,0.7,严重过剩
W 40 St & 5 Ave,2093,6536,-4443,0.32,严重过剩
Vernon Blvd & 50 Ave,3155,7611,-4456,0.41,严重过剩
E 56 St & Madison Ave,3261,7764,-4503,0.42,严重过剩
E 45 St & 3 Ave,2775,7301,-4526,0.38,严重过剩
E 50 St & Park Ave,1372,5908,-4536,0.23,严重过剩
5 St & Market St,178,4716,-4538,0.04,严重过剩
E 33 St & 5 Ave,6745,11325,-4580,0.6,严重过剩
E 44 St & Lexington Ave,9033,13750,-4717,0.66,严重过剩
Broadway & E 14 St,7341,12209,-4868,0.6,严重过剩
W 21 St & 6 Ave,14062,19023,-4961,0.74,严重过剩
Old Slip & South St,2166,7149,-4983,0.3,严重过剩
Cooper Square & Astor Pl,4811,9868,-5057,0.49,严重过剩
E 40 St & 5 Ave,3216,8291,-5075,0.39,严重过剩
Washington Square E,2930,8034,-5104,0.36,严重过剩
Broadway\t& W 48 St,5385,10567,-5182,0.51,严重过剩
Broadway & W 38 St,7647,12864,-5217,0.59,严重过剩
Centre St & Worth St,2781,8030,-5249,0.35,严重过剩
E 27 St & Park Ave S,6125,11441,-5316,0.54,严重过剩
E 56 St & 3 Ave,3892,9340,-5448,0.42,严重过剩
W 34 St & 11 Ave,4583,10139,-5556,0.45,严重过剩
Madison Ave & E 26 St,4903,10733,-5830,0.46,严重过剩
E 53 St & Madison Ave,2638,8611,-5973,0.31,严重过剩
E 47 St & 2 Ave,6255,12310,-6055,0.51,严重过剩
Broadway & W 51 St,9181,15244,-6063,0.6,严重过剩
W 42 St & 6 Ave,10250,16399,-6149,0.63,严重过剩
Fulton St & Broadway,3854,10115,-6261,0.38,严重过剩
W 48 St &  Rockefeller Plaza,1822,8176,-6354,0.22,严重过剩
E 16 St & 5 Ave,6875,13342,-6467,0.52,严重过剩
E 53 St & Lexington Ave,6620,13093,-6473,0.51,严重过剩
E 59 St & Madison Ave,2634,9136,-6502,0.29,严重过剩
1 Ave & E 44 St,4154,10854,-6700,0.38,严重过剩
W 52 St & 6 Ave,3202,9980,-6778,0.32,严重过剩
W 18 St & 6 Ave,7478,14306,-6828,0.52,严重过剩
E 27 St & 1 Ave,10085,17096,-7011,0.59,严重过剩
E 58 St & Madison Ave,1066,8246,-7180,0.13,严重过剩
E 51 St & Lexington Ave,1991,9223,-7232,0.22,严重过剩
Lafayette St & E 8 St,8853,16529,-7676,0.54,严重过剩
E 48 St & 3 Ave,3712,11542,-7830,0.32,严重过剩
Broadway & W 25 St,9230,17565,-8335,0.53,严重过剩
W 51 St & Rockefeller Plaza,2256,10624,-8368,0.21,严重过剩
W 55 St & 6 Ave,4137,12600,-8463,0.33,严重过剩
Broadway & E 21 St,9057,17541,-8484,0.52,严重过剩
W 47 St & 6 Ave,2164,10729,-8565,0.2,严重过剩
6 Ave & W 45 St,4904,14374,-9470,0.34,严重过剩
Dock 72 Way & Market St,1073,10614,-9541,0.1,严重过剩
North Moore St & Greenwich St,3952,13812,-9860,0.29,严重过剩
Greenwich St & Hubert St,2577,12656,-10079,0.2,严重过剩
W 51 St & 6 Ave,3453,15093,-11640,0.23,严重过剩
E 47 St & Park Ave,8375,21118,-12743,0.4,严重过剩
Grand Army Plaza & Central Park S,5063,18001,-12938,0.28,严重过剩
Madison Av & E 51 St,2529,15862,-13333,0.16,严重过剩
1 Ave & E 68 St,15856,29397,-13541,0.54,严重过剩
W 44 St & 5 Ave,4974,19495,-14521,0.26,严重过剩
